hour,open,high,low,close,volume
2018/05/31 18:00:00,1.4,2.15,1.4,1.7051,130053.01
2018/05/31 19:00:00,1.7059,1.7399,1.6881,1.7249,81927.3
2018/05/31 20:00:00,1.7205,1.7733,1.7113,1.7285,169201.06
2018/05/31 21:00:00,1.7266,1.76,1.7124,1.7358,291267.75
2018/05/31 22:00:00,1.7349,1.75,1.6951,1.7394,257386.74
2018/05/31 23:00:00,1.7389,1.7498,1.7266,1.7402,255248.93
2018/06/01 00:00:00,1.743,1.81,1.7402,1.7787,566233.31
2018/06/01 01:00:00,1.7787,1.7823,1.75,1.7699,364077.25
2018/06/01 02:00:00,1.7667,1.8369,1.7657,1.8,331274.28
2018/06/01 03:00:00,1.8038,1.817,1.7819,1.787,386623.36
2018/06/01 04:00:00,1.782,1.7864,1.761,1.7612,289584.74
2018/06/01 05:00:00,1.7613,1.7799,1.754,1.7587,364370.19
2018/06/01 06:00:00,1.7623,1.7797,1.7574,1.766,188971.93
2018/06/01 07:00:00,1.7663,1.7758,1.7247,1.7304,430242.42
2018/06/01 08:00:00,1.7309,1.77,1.7251,1.7547,194805.02
2018/06/01 09:00:00,1.7548,1.773,1.7514,1.7537,291754.61
2018/06/01 10:00:00,1.756,1.7678,1.7362,1.7532,284849.21
2018/06/01 11:00:00,1.7543,1.765,1.7515,1.7534,167276.44
2018/06/01 12:00:00,1.7526,1.7541,1.7397,1.7474,313603.82
2018/06/01 13:00:00,1.7473,1.7475,1.7128,1.7277,295299.52
2018/06/01 14:00:00,1.7277,1.7349,1.7181,1.7305,284221.35
2018/06/01 15:00:00,1.7285,1.83,1.7276,1.8131,409217.96
2018/06/01 16:00:00,1.8131,1.8888,1.8131,1.8534,536518.71
2018/06/01 17:00:00,1.8531,1.894,1.8391,1.8921,360522.45
2018/06/01 18:00:00,1.8921,1.912,1.8324,1.8508,344411.12
2018/06/01 19:00:00,1.8565,1.8751,1.846,1.8569,311926.51
2018/06/01 20:00:00,1.8569,1.8721,1.7685,1.7787,443089.46
2018/06/01 21:00:00,1.7787,1.83,1.774,1.8135,498947.5
2018/06/01 22:00:00,1.8145,1.846,1.8064,1.8329,325868.15
2018/06/01 23:00:00,1.831,1.8441,1.818,1.8243,248444.05
2018/06/02 00:00:00,1.8243,1.8444,1.805,1.844,386477.13
2018/06/02 01:00:00,1.844,1.8888,1.8364,1.8835,362314.36
2018/06/02 02:00:00,1.8835,1.8887,1.8252,1.8503,419520.04
2018/06/02 03:00:00,1.8514,1.8634,1.8287,1.8349,217783.56
2018/06/02 04:00:00,1.8345,1.8717,1.8289,1.8558,226723.88
2018/06/02 05:00:00,1.8507,1.865,1.8289,1.8547,237984.28
2018/06/02 06:00:00,1.8547,1.8829,1.8425,1.8584,298958.62
2018/06/02 07:00:00,1.8557,1.93,1.8557,1.9163,419592.93
2018/06/02 08:00:00,1.9164,1.9539,1.9116,1.9242,413400.17
2018/06/02 09:00:00,1.9269,1.9459,1.91,1.9152,307220.04
2018/06/02 10:00:00,1.9151,1.945,1.91,1.935,322983.26
2018/06/02 11:00:00,1.9429,1.947,1.9256,1.9352,284457.05
2018/06/02 12:00:00,1.9352,1.9422,1.9262,1.9299,191249.58
2018/06/02 13:00:00,1.93,1.94,1.9152,1.9168,307044.99
2018/06/02 14:00:00,1.9177,1.95,1.8917,1.8972,390676.22
2018/06/02 15:00:00,1.8978,1.935,1.8561,1.9033,441196.76
2018/06/02 16:00:00,1.9097,1.95,1.9,1.9313,325559.29
2018/06/02 17:00:00,1.9298,1.9415,1.8911,1.9002,301842.07
2018/06/02 18:00:00,1.9001,1.9265,1.8853,1.9152,305543.34
2018/06/02 19:00:00,1.9161,1.9175,1.8765,1.884,319313.32
2018/06/02 20:00:00,1.8871,1.8872,1.8511,1.8768,337185.27
2018/06/02 21:00:00,1.8766,1.8839,1.856,1.8616,254281.67
2018/06/02 22:00:00,1.8597,1.87,1.855,1.8619,262862.4
2018/06/02 23:00:00,1.8612,1.8998,1.86,1.8997,322044.57
2018/06/03 00:00:00,1.8997,1.93,1.8849,1.888,477069.36
2018/06/03 01:00:00,1.8899,1.8997,1.8635,1.88,277186.43
2018/06/03 02:00:00,1.8863,1.89,1.865,1.8664,264992.75
2018/06/03 03:00:00,1.8688,1.9084,1.866,1.8999,334871.61
2018/06/03 04:00:00,1.8999,1.9256,1.8914,1.9094,344310.65
2018/06/03 05:00:00,1.9138,1.92,1.8786,1.8788,214657.86
2018/06/03 06:00:00,1.8786,1.89,1.875,1.8868,276551.75
2018/06/03 07:00:00,1.889,1.9019,1.87,1.8998,316127.09
2018/06/03 08:00:00,1.8993,1.9033,1.896,1.8962,235903.46
2018/06/03 09:00:00,1.8987,1.8997,1.8899,1.8947,174167.71
2018/06/03 10:00:00,1.8939,1.908,1.8933,1.8994,358721.69
2018/06/03 11:00:00,1.9009,1.9022,1.8773,1.8896,241231.37
2018/06/03 12:00:00,1.8896,1.8937,1.8774,1.8861,264278.21
2018/06/03 13:00:00,1.8874,1.925,1.881,1.9083,247318.42
2018/06/03 14:00:00,1.907,1.917,1.8986,1.9121,222866.36
2018/06/03 15:00:00,1.9133,1.947,1.8986,1.9406,351051.16
2018/06/03 16:00:00,1.9407,1.951,1.9343,1.9501,363084.76
2018/06/03 17:00:00,1.9462,1.9776,1.94,1.9647,365918.43
2018/06/03 18:00:00,1.9647,1.9788,1.9549,1.9787,338844.89
2018/06/03 19:00:00,1.9787,1.9887,1.95,1.9554,358190.61
2018/06/03 20:00:00,1.9553,1.9668,1.943,1.961,277554.1
2018/06/03 21:00:00,1.9611,1.9775,1.9544,1.977,312495.86
2018/06/03 22:00:00,1.9708,2.0132,1.96,1.983,463076.5
2018/06/03 23:00:00,1.983,1.998,1.9501,1.9979,355263.34
2018/06/04 00:00:00,1.9979,2.0046,1.952,1.9657,303223.96
2018/06/04 01:00:00,1.9585,1.9714,1.7242,1.836,1418185.61
2018/06/04 02:00:00,1.8359,1.8414,1.7719,1.8294,611943.81
2018/06/04 03:00:00,1.828,1.8298,1.78,1.7861,383817.57
2018/06/04 04:00:00,1.7862,1.83,1.7752,1.8251,399633.33
2018/06/04 05:00:00,1.8251,1.837,1.8045,1.8302,330464.92
2018/06/04 06:00:00,1.8344,1.8344,1.785,1.7942,286585.24
2018/06/04 07:00:00,1.7972,1.8063,1.7854,1.8,325920.49
2018/06/04 08:00:00,1.8,1.8123,1.7869,1.8045,340889.21
2018/06/04 09:00:00,1.8093,1.85,1.795,1.8364,481930.48
2018/06/04 10:00:00,1.8363,1.8438,1.8013,1.8126,319956.05
2018/06/04 11:00:00,1.8127,1.8155,1.783,1.7832,324715.05
2018/06/04 12:00:00,1.7833,1.8,1.7813,1.7901,296436.29
2018/06/04 13:00:00,1.7901,1.7949,1.782,1.7899,203081.84
2018/06/04 14:00:00,1.7899,1.7905,1.726,1.7491,399572.53
2018/06/04 15:00:00,1.7455,1.7456,1.6806,1.71,483745.08
2018/06/04 16:00:00,1.7148,1.7658,1.7,1.739,441165.27
2018/06/04 17:00:00,1.741,1.79,1.7274,1.7841,439996.5
2018/06/04 18:00:00,1.7841,1.7875,1.7476,1.7779,369311.88
2018/06/04 19:00:00,1.7779,1.7846,1.7596,1.7649,321041.96
2018/06/04 20:00:00,1.7651,1.7651,1.711,1.7237,414537.96
2018/06/04 21:00:00,1.7202,1.8,1.7122,1.7378,413043.18
2018/06/04 22:00:00,1.7395,1.7414,1.7231,1.7298,287070.35
2018/06/04 23:00:00,1.7298,1.7341,1.658,1.7141,639271.83
2018/06/05 00:00:00,1.7141,1.74,1.71,1.7379,376853.64
2018/06/05 01:00:00,1.7379,1.7379,1.701,1.7055,298901.34
2018/06/05 02:00:00,1.7077,1.7166,1.6854,1.71,337193.45
2018/06/05 03:00:00,1.7107,1.74,1.701,1.7328,308041.67
2018/06/05 04:00:00,1.7328,1.7399,1.7121,1.7231,240199.95
2018/06/05 05:00:00,1.7178,1.736,1.7145,1.733,317237.77
2018/06/05 06:00:00,1.7333,1.75,1.725,1.7437,359395.09
2018/06/05 07:00:00,1.7437,1.7437,1.7234,1.727,268631.1
2018/06/05 08:00:00,1.7275,1.7309,1.6961,1.7157,154798.15
2018/06/05 09:00:00,1.7159,1.7331,1.7136,1.7325,184615.45
2018/06/05 10:00:00,1.7325,1.7361,1.7095,1.7294,235144.92
2018/06/05 11:00:00,1.7293,1.7294,1.6695,1.6772,329692.8
2018/06/05 12:00:00,1.6749,1.6858,1.6613,1.6747,330908.2
2018/06/05 13:00:00,1.6757,1.68,1.661,1.6611,256568.99
2018/06/05 14:00:00,1.6611,1.6804,1.6561,1.6721,338889.31
2018/06/05 15:00:00,1.6766,1.6974,1.6661,1.6859,216271.62
2018/06/05 16:00:00,1.686,1.6891,1.6602,1.6683,205638.13
2018/06/05 17:00:00,1.6683,1.712,1.6643,1.7087,311013.14
2018/06/05 18:00:00,1.7063,1.7102,1.6902,1.6964,201115.42
2018/06/05 19:00:00,1.6964,1.7,1.6905,1.6945,246138.17
2018/06/05 20:00:00,1.6939,1.707,1.6691,1.7043,303429.25
2018/06/05 21:00:00,1.7043,1.7094,1.683,1.6903,170311.89
2018/06/05 22:00:00,1.6882,1.6954,1.6771,1.6784,196904.99
2018/06/05 23:00:00,1.6778,1.698,1.6698,1.6849,133146.85
2018/06/06 00:00:00,1.685,1.72,1.6827,1.72,284940.93
2018/06/06 01:00:00,1.72,1.739,1.7178,1.7354,681374.1
2018/06/06 02:00:00,1.7355,1.7779,1.7354,1.7728,867255.64
2018/06/06 03:00:00,1.773,1.7849,1.7569,1.7569,413698.02
2018/06/06 04:00:00,1.7569,1.7667,1.75,1.7663,327222.55
2018/06/06 05:00:00,1.7664,1.775,1.7631,1.7648,340473.65
2018/06/06 06:00:00,1.7665,1.7715,1.7235,1.7304,424511.34
2018/06/06 07:00:00,1.7304,1.7571,1.7288,1.7502,338659.01
2018/06/06 08:00:00,1.7522,1.7568,1.7332,1.7433,186539.07
2018/06/06 09:00:00,1.7434,1.7666,1.743,1.7483,273898.71
2018/06/06 10:00:00,1.7467,1.7633,1.7381,1.7497,294190.99
2018/06/06 11:00:00,1.7534,1.7575,1.7322,1.7373,173749.79
2018/06/06 12:00:00,1.7373,1.757,1.7373,1.7497,231269.19
2018/06/06 13:00:00,1.7494,1.7518,1.7358,1.7359,198795.07
2018/06/06 14:00:00,1.7358,1.74,1.7257,1.7344,267326.78
2018/06/06 15:00:00,1.7339,1.757,1.7334,1.7482,185462.09
2018/06/06 16:00:00,1.7476,1.7678,1.7284,1.7456,192024.96
2018/06/06 17:00:00,1.7446,1.7456,1.7149,1.7196,290098.03
2018/06/06 18:00:00,1.7197,1.7225,1.7009,1.7058,196127.09
2018/06/06 19:00:00,1.7058,1.7252,1.68,1.7159,381522.57
2018/06/06 20:00:00,1.7174,1.7334,1.715,1.725,266102.0
2018/06/06 21:00:00,1.7267,1.7328,1.7052,1.7254,205758.25
2018/06/06 22:00:00,1.7255,1.726,1.7156,1.7188,305694.55
2018/06/06 23:00:00,1.7189,1.72,1.7013,1.704,327128.53
2018/06/07 00:00:00,1.704,1.72,1.702,1.7132,235966.79
2018/06/07 01:00:00,1.7135,1.7169,1.6647,1.6753,433366.38
2018/06/07 02:00:00,1.6754,1.6779,1.64,1.6544,412895.83
2018/06/07 03:00:00,1.6544,1.67,1.64,1.6642,322931.49
2018/06/07 04:00:00,1.6645,1.675,1.6476,1.661,278161.3
2018/06/07 05:00:00,1.661,1.6997,1.6601,1.694,324538.94
2018/06/07 06:00:00,1.6941,1.7296,1.6874,1.7033,422571.8
2018/06/07 07:00:00,1.7033,1.714,1.68,1.6907,346172.12
2018/06/07 08:00:00,1.6912,1.702,1.6811,1.6959,145577.56
2018/06/07 09:00:00,1.6954,1.729,1.6907,1.7268,302423.27
2018/06/07 10:00:00,1.7268,1.7355,1.7185,1.7301,255981.82
2018/06/07 11:00:00,1.7309,1.7316,1.7187,1.7243,250857.44
2018/06/07 12:00:00,1.7241,1.7241,1.7031,1.7135,310625.9
2018/06/07 13:00:00,1.7102,1.7156,1.7031,1.7052,240044.33
2018/06/07 14:00:00,1.7087,1.7126,1.7045,1.7101,319762.14
2018/06/07 15:00:00,1.7101,1.74,1.702,1.74,294931.05
2018/06/07 16:00:00,1.7399,1.7436,1.7218,1.7356,192997.7
2018/06/07 17:00:00,1.7346,1.739,1.7265,1.7281,189936.5
2018/06/07 18:00:00,1.7271,1.729,1.709,1.7229,280764.58
2018/06/07 19:00:00,1.7229,1.7301,1.7129,1.722,150179.13
2018/06/07 20:00:00,1.722,1.7221,1.7079,1.713,270584.56
2018/06/07 21:00:00,1.713,1.728,1.7129,1.7246,189074.03
2018/06/07 22:00:00,1.7247,1.7309,1.7171,1.7224,242517.25
2018/06/07 23:00:00,1.724,1.7275,1.705,1.7158,235326.6
2018/06/08 00:00:00,1.7168,1.7173,1.7003,1.7138,256654.12
2018/06/08 01:00:00,1.7137,1.7195,1.7054,1.7193,219104.1
2018/06/08 02:00:00,1.7195,1.725,1.701,1.7088,171229.95
2018/06/08 03:00:00,1.7087,1.715,1.7041,1.7124,251062.46
2018/06/08 04:00:00,1.7124,1.7179,1.6922,1.694,279544.53
2018/06/08 05:00:00,1.694,1.6999,1.6801,1.6848,234164.96
2018/06/08 06:00:00,1.6865,1.6933,1.6807,1.6882,285701.45
2018/06/08 07:00:00,1.6882,1.6935,1.6806,1.6834,266479.06
2018/06/08 08:00:00,1.6834,1.696,1.68,1.6923,212724.85
2018/06/08 09:00:00,1.6927,1.696,1.6883,1.6947,189626.76
2018/06/08 10:00:00,1.6896,1.7,1.684,1.6898,255065.22
2018/06/08 11:00:00,1.6898,1.6899,1.6761,1.6763,305148.67
2018/06/08 12:00:00,1.6779,1.6798,1.6713,1.6797,287439.29
2018/06/08 13:00:00,1.6721,1.6761,1.6651,1.6665,290584.15
2018/06/08 14:00:00,1.6665,1.6768,1.6658,1.6698,183848.7
2018/06/08 15:00:00,1.6689,1.6798,1.6652,1.6754,152740.52
2018/06/08 16:00:00,1.6754,1.6824,1.6708,1.6727,296590.67
2018/06/08 17:00:00,1.6727,1.6788,1.666,1.6706,229690.23
2018/06/08 18:00:00,1.677,1.6842,1.6708,1.6746,154370.88
2018/06/08 19:00:00,1.6768,1.6799,1.6662,1.6662,367409.77
2018/06/08 20:00:00,1.6678,1.6839,1.6605,1.6771,289834.93
2018/06/08 21:00:00,1.677,1.683,1.67,1.6795,210386.72
2018/06/08 22:00:00,1.6796,1.6904,1.6707,1.6855,245146.32
2018/06/08 23:00:00,1.6859,1.6965,1.682,1.6948,249138.0
2018/06/09 00:00:00,1.6946,1.71,1.6831,1.71,273654.97
2018/06/09 01:00:00,1.7095,1.726,1.6948,1.7257,384103.21
2018/06/09 02:00:00,1.7257,1.736,1.7179,1.736,324658.71
2018/06/09 03:00:00,1.7361,1.7382,1.7113,1.7171,299317.84
2018/06/09 04:00:00,1.712,1.7153,1.7001,1.7019,195247.11
2018/06/09 05:00:00,1.7023,1.7184,1.7004,1.7139,234375.14
2018/06/09 06:00:00,1.7139,1.7259,1.7101,1.7211,333743.1
2018/06/09 07:00:00,1.721,1.7314,1.7195,1.7244,312780.18
2018/06/09 08:00:00,1.7244,1.7259,1.7031,1.7037,272603.84
2018/06/09 09:00:00,1.7032,1.727,1.6936,1.7197,235656.33
2018/06/09 10:00:00,1.7204,1.74,1.714,1.7399,257620.85
2018/06/09 11:00:00,1.7399,1.7454,1.7297,1.742,264490.44
2018/06/09 12:00:00,1.7419,1.7429,1.7276,1.7318,272129.47
2018/06/09 13:00:00,1.7318,1.7385,1.73,1.731,337725.35
2018/06/09 14:00:00,1.731,1.7381,1.7215,1.7276,288727.58
2018/06/09 15:00:00,1.7276,1.7337,1.7261,1.7268,275985.46
2018/06/09 16:00:00,1.7264,1.7386,1.7211,1.7256,226306.17
2018/06/09 17:00:00,1.7236,1.7256,1.6972,1.7026,320925.21
2018/06/09 18:00:00,1.7003,1.7142,1.7,1.7059,243450.72
2018/06/09 19:00:00,1.7059,1.7106,1.7038,1.7099,271451.52
2018/06/09 20:00:00,1.7078,1.7111,1.6977,1.6982,213537.54
2018/06/09 21:00:00,1.6982,1.7005,1.67,1.689,299665.08
2018/06/09 22:00:00,1.6889,1.7,1.662,1.6766,447634.88
2018/06/09 23:00:00,1.6754,1.6872,1.6667,1.67,220138.55
2018/06/10 00:00:00,1.6714,1.7054,1.6701,1.6882,245103.53
2018/06/10 01:00:00,1.6894,1.6908,1.6667,1.674,189542.58
2018/06/10 02:00:00,1.6715,1.6771,1.665,1.6749,195779.27
2018/06/10 03:00:00,1.6749,1.675,1.67,1.6723,320107.73
2018/06/10 04:00:00,1.6737,1.68,1.6716,1.6716,305688.78
2018/06/10 05:00:00,1.6716,1.6767,1.6676,1.674,283563.66
2018/06/10 06:00:00,1.674,1.6767,1.6655,1.6691,297135.5
2018/06/10 07:00:00,1.6678,1.6694,1.6605,1.665,328399.57
2018/06/10 08:00:00,1.665,1.673,1.64,1.6481,413829.85
2018/06/10 09:00:00,1.648,1.6512,1.5229,1.5309,655608.98
2018/06/10 10:00:00,1.5343,1.6,1.5343,1.5809,481600.17
2018/06/10 11:00:00,1.5812,1.5864,1.5511,1.5701,160410.66
2018/06/10 12:00:00,1.5707,1.5834,1.5483,1.5527,266145.9
2018/06/10 13:00:00,1.5526,1.565,1.5302,1.5322,245628.39
2018/06/10 14:00:00,1.5325,1.5645,1.5322,1.548,168777.53
2018/06/10 15:00:00,1.5494,1.5762,1.5448,1.5695,233969.15
2018/06/10 16:00:00,1.567,1.5695,1.5,1.5005,386331.23
2018/06/10 17:00:00,1.5005,1.528,1.4801,1.5172,395806.46
2018/06/10 18:00:00,1.517,1.5465,1.517,1.5346,224323.34
2018/06/10 19:00:00,1.5346,1.543,1.5095,1.5381,135496.37
2018/06/10 20:00:00,1.5364,1.549,1.525,1.5299,330079.79
2018/06/10 21:00:00,1.5299,1.5407,1.5206,1.5227,148756.34
2018/06/10 22:00:00,1.5306,1.539,1.495,1.5271,291169.69
2018/06/10 23:00:00,1.5263,1.5315,1.48,1.494,322248.55
2018/06/11 00:00:00,1.4909,1.5055,1.49,1.4998,268273.56
2018/06/11 01:00:00,1.5009,1.5068,1.4866,1.487,251303.06
2018/06/11 02:00:00,1.4866,1.4914,1.3667,1.394,1024493.25
2018/06/11 03:00:00,1.39,1.4376,1.37,1.425,678605.4
2018/06/11 04:00:00,1.4297,1.4527,1.403,1.4423,436196.62
2018/06/11 05:00:00,1.4412,1.4496,1.39,1.3924,297362.72
2018/06/11 06:00:00,1.3923,1.4037,1.351,1.3861,398683.36
2018/06/11 07:00:00,1.386,1.39,1.3279,1.3279,459256.09
2018/06/11 08:00:00,1.3275,1.3796,1.3181,1.3749,349635.59
2018/06/11 09:00:00,1.3769,1.3772,1.3395,1.3467,283499.35
2018/06/11 10:00:00,1.3424,1.3687,1.3277,1.3577,255422.92
2018/06/11 11:00:00,1.36,1.4044,1.36,1.3863,284019.21
2018/06/11 12:00:00,1.3863,1.3965,1.3699,1.3932,224223.92
2018/06/11 13:00:00,1.3934,1.4195,1.3823,1.4059,247536.68
2018/06/11 14:00:00,1.4082,1.4089,1.3777,1.3799,282212.52
2018/06/11 15:00:00,1.3798,1.3988,1.36,1.3853,318221.22
2018/06/11 16:00:00,1.3853,1.3969,1.334,1.3365,345269.09
2018/06/11 17:00:00,1.335,1.4026,1.335,1.3979,247150.06
2018/06/11 18:00:00,1.3979,1.4081,1.387,1.391,318578.41
2018/06/11 19:00:00,1.3911,1.3963,1.3734,1.3929,216519.38
2018/06/11 20:00:00,1.3935,1.3985,1.3829,1.3951,225671.78
2018/06/11 21:00:00,1.3984,1.3989,1.3678,1.3718,237584.75
2018/06/11 22:00:00,1.3774,1.3826,1.358,1.3582,290023.13
2018/06/11 23:00:00,1.3591,1.3664,1.3403,1.35,280350.79
2018/06/12 00:00:00,1.3505,1.3518,1.3113,1.325,488447.85
2018/06/12 01:00:00,1.325,1.3567,1.3205,1.3551,190552.81
2018/06/12 02:00:00,1.3552,1.365,1.3492,1.3629,233093.47
2018/06/12 03:00:00,1.3635,1.3797,1.342,1.3696,270120.05
2018/06/12 04:00:00,1.3756,1.3756,1.3542,1.3688,137785.72
2018/06/12 05:00:00,1.3697,1.3699,1.35,1.3602,178669.97
2018/06/12 06:00:00,1.3602,1.3806,1.3602,1.3777,252519.88
2018/06/12 07:00:00,1.3777,1.452,1.3769,1.4185,549108.73
2018/06/12 08:00:00,1.424,1.471,1.4191,1.4597,372682.49
2018/06/12 09:00:00,1.4567,1.46,1.42,1.4405,365227.62
2018/06/12 10:00:00,1.4439,1.4539,1.4251,1.4436,181456.28
2018/06/12 11:00:00,1.4435,1.454,1.411,1.4199,201150.1
2018/06/12 12:00:00,1.4199,1.4199,1.3717,1.3849,221271.14
2018/06/12 13:00:00,1.3802,1.3995,1.3802,1.3899,247769.26
2018/06/12 14:00:00,1.3894,1.3976,1.3772,1.3968,256516.11
2018/06/12 15:00:00,1.3968,1.414,1.385,1.4072,299142.74
2018/06/12 16:00:00,1.4072,1.4127,1.385,1.4049,221262.27
2018/06/12 17:00:00,1.405,1.4169,1.3915,1.4098,278249.33
2018/06/12 18:00:00,1.4123,1.4214,1.4019,1.4172,379455.21
2018/06/12 19:00:00,1.4191,1.4199,1.394,1.4007,206180.47
2018/06/12 20:00:00,1.3965,1.401,1.385,1.4007,228844.33
2018/06/12 21:00:00,1.4007,1.4007,1.35,1.3543,468581.92
2018/06/12 22:00:00,1.3537,1.371,1.34,1.3581,437810.38
2018/06/12 23:00:00,1.3586,1.39,1.355,1.3769,255687.14
2018/06/13 00:00:00,1.3771,1.38,1.364,1.373,226387.32
2018/06/13 01:00:00,1.373,1.373,1.3363,1.3548,336615.3
2018/06/13 02:00:00,1.3548,1.3605,1.3342,1.335,272146.15
2018/06/13 03:00:00,1.3349,1.3415,1.313,1.3253,369165.7
2018/06/13 04:00:00,1.32,1.3239,1.2492,1.2721,801807.83
2018/06/13 05:00:00,1.2717,1.288,1.2565,1.2688,350666.47
2018/06/13 06:00:00,1.2688,1.2745,1.253,1.2608,386784.22
2018/06/13 07:00:00,1.2608,1.2715,1.257,1.2619,345926.64
2018/06/13 08:00:00,1.2591,1.271,1.23,1.2583,486625.77
2018/06/13 09:00:00,1.2595,1.273,1.2496,1.2628,364256.25
2018/06/13 10:00:00,1.2628,1.274,1.2551,1.2674,253389.34
2018/06/13 11:00:00,1.2734,1.295,1.2669,1.2818,245487.18
2018/06/13 12:00:00,1.2819,1.29,1.2568,1.2754,255030.73
2018/06/13 13:00:00,1.2756,1.2756,1.2421,1.2756,287699.73
2018/06/13 14:00:00,1.2756,1.2888,1.2709,1.2841,288359.25
2018/06/13 15:00:00,1.2837,1.2899,1.2761,1.2877,279456.38
2018/06/13 16:00:00,1.2878,1.29,1.2804,1.2809,239419.96
2018/06/13 17:00:00,1.2857,1.2857,1.2269,1.228,390427.72
2018/06/13 18:00:00,1.228,1.24,1.1671,1.1798,659584.25
2018/06/13 19:00:00,1.1798,1.21,1.1747,1.1934,457305.3
2018/06/13 20:00:00,1.1957,1.2289,1.1905,1.2198,320088.72
2018/06/13 21:00:00,1.2198,1.2435,1.1973,1.2338,353273.62
2018/06/13 22:00:00,1.2338,1.255,1.22,1.2201,259438.33
2018/06/13 23:00:00,1.2201,1.223,1.1907,1.2009,304619.64
2018/06/14 00:00:00,1.1996,1.2208,1.17,1.1828,432126.83
2018/06/14 01:00:00,1.1825,1.2014,1.1292,1.1797,927851.17
2018/06/14 02:00:00,1.1824,1.1994,1.1569,1.196,401114.85
2018/06/14 03:00:00,1.1964,1.2155,1.1858,1.1929,402923.23
2018/06/14 04:00:00,1.1902,1.1978,1.17,1.181,369349.49
2018/06/14 05:00:00,1.1792,1.24,1.17,1.1898,295443.35
2018/06/14 06:00:00,1.19,1.194,1.173,1.1891,229692.72
2018/06/14 07:00:00,1.1896,1.2201,1.1857,1.215,288391.02
2018/06/14 08:00:00,1.215,1.2222,1.1935,1.2055,309231.76
2018/06/14 09:00:00,1.2056,1.2149,1.171,1.1784,248131.14
2018/06/14 10:00:00,1.1785,1.2059,1.1764,1.183,202054.7
2018/06/14 11:00:00,1.1836,1.27,1.1836,1.2622,328205.01
2018/06/14 12:00:00,1.2631,1.2782,1.2479,1.2761,294439.3
2018/06/14 13:00:00,1.2755,1.371,1.2526,1.2579,354504.4
2018/06/14 14:00:00,1.258,1.2766,1.2403,1.2709,240579.19
2018/06/14 15:00:00,1.2742,1.288,1.2574,1.2782,318597.36
2018/06/14 16:00:00,1.2782,1.2868,1.265,1.2777,364455.4
2018/06/14 17:00:00,1.2778,1.3186,1.2777,1.2848,596029.89
2018/06/14 18:00:00,1.284,1.2976,1.2744,1.2799,304680.81
2018/06/14 19:00:00,1.2801,1.2902,1.2517,1.261,321558.24
2018/06/14 20:00:00,1.261,1.2863,1.2475,1.2818,336955.17
2018/06/14 21:00:00,1.282,1.2823,1.2273,1.2378,443123.75
2018/06/14 22:00:00,1.2378,1.2379,1.1919,1.1989,466836.29
2018/06/14 23:00:00,1.1989,1.2418,1.1955,1.2358,374452.76
2018/06/15 00:00:00,1.2312,1.2313,1.1829,1.1996,440996.24
2018/06/15 01:00:00,1.1996,1.2748,1.195,1.2612,435764.47
2018/06/15 02:00:00,1.2534,1.3026,1.2401,1.291,898603.91
2018/06/15 03:00:00,1.2919,1.3185,1.2699,1.2891,432767.27
2018/06/15 04:00:00,1.2891,1.2963,1.262,1.2799,320203.77
2018/06/15 05:00:00,1.2799,1.31,1.268,1.296,328482.34
2018/06/15 06:00:00,1.296,1.3099,1.288,1.29,353383.15
2018/06/15 07:00:00,1.2881,1.2975,1.254,1.2701,323584.05
2018/06/15 08:00:00,1.2712,1.29,1.2565,1.2732,410262.84
2018/06/15 09:00:00,1.2772,1.2782,1.258,1.2649,254103.46
2018/06/15 10:00:00,1.266,1.266,1.232,1.2401,335676.83
2018/06/15 11:00:00,1.241,1.2537,1.2382,1.2529,286707.33
2018/06/15 12:00:00,1.2536,1.2791,1.2522,1.265,328589.7
2018/06/15 13:00:00,1.265,1.28,1.2558,1.2568,187229.88
2018/06/15 14:00:00,1.2568,1.2644,1.2444,1.2519,287261.73
2018/06/15 15:00:00,1.2545,1.2757,1.2508,1.2722,302031.11
2018/06/15 16:00:00,1.2723,1.2862,1.2723,1.2736,303191.97
2018/06/15 17:00:00,1.2735,1.3,1.2676,1.2899,302347.69
2018/06/15 18:00:00,1.2908,1.2923,1.2702,1.2833,226849.26
2018/06/15 19:00:00,1.2795,1.2854,1.261,1.2712,378836.27
2018/06/15 20:00:00,1.2726,1.2973,1.21,1.2438,562793.26
2018/06/15 21:00:00,1.2476,1.248,1.2054,1.2154,338905.78
2018/06/15 22:00:00,1.2155,1.2406,1.2074,1.2198,314311.99
2018/06/15 23:00:00,1.2198,1.2383,1.213,1.2324,264970.11
2018/06/16 00:00:00,1.2294,1.255,1.222,1.2446,307089.51
2018/06/16 01:00:00,1.2447,1.256,1.233,1.2346,364795.36
2018/06/16 02:00:00,1.2346,1.235,1.2168,1.222,359148.69
2018/06/16 03:00:00,1.223,1.2305,1.2181,1.2286,344027.38
2018/06/16 04:00:00,1.2285,1.2286,1.2122,1.2226,373949.84
2018/06/16 05:00:00,1.2229,1.228,1.2075,1.2194,500279.47
2018/06/16 06:00:00,1.219,1.219,1.1939,1.1994,396406.38
2018/06/16 07:00:00,1.1993,1.1994,1.166,1.1698,385176.63
2018/06/16 08:00:00,1.1697,1.1878,1.161,1.1781,275520.3
2018/06/16 09:00:00,1.1796,1.197,1.164,1.1804,279003.73
2018/06/16 10:00:00,1.1804,1.1939,1.1564,1.1906,297953.97
2018/06/16 11:00:00,1.1905,1.1905,1.1723,1.1849,342849.93
2018/06/16 12:00:00,1.1834,1.1849,1.1715,1.1755,365957.98
2018/06/16 13:00:00,1.1755,1.1889,1.1734,1.1806,207494.78
2018/06/16 14:00:00,1.1821,1.2003,1.1806,1.1915,265375.37
2018/06/16 15:00:00,1.1916,1.2076,1.1901,1.2015,262094.58
2018/06/16 16:00:00,1.202,1.2092,1.1923,1.1969,292182.14
2018/06/16 17:00:00,1.1991,1.1991,1.1855,1.1914,290288.97
2018/06/16 18:00:00,1.1914,1.2024,1.1877,1.1985,394508.58
2018/06/16 19:00:00,1.1986,1.23,1.1986,1.2062,290738.94
2018/06/16 20:00:00,1.2062,1.2097,1.1889,1.1934,177470.7
2018/06/16 21:00:00,1.1965,1.2042,1.188,1.1935,251172.62
2018/06/16 22:00:00,1.1935,1.1967,1.164,1.18,423946.78
2018/06/16 23:00:00,1.1801,1.1892,1.1731,1.181,226928.97
2018/06/17 00:00:00,1.1821,1.1839,1.1555,1.1669,407557.28
2018/06/17 01:00:00,1.1668,1.2192,1.1626,1.2121,448843.96
2018/06/17 02:00:00,1.2144,1.22,1.1912,1.2079,320012.13
2018/06/17 03:00:00,1.2085,1.2125,1.2006,1.2082,271905.24
2018/06/17 04:00:00,1.2104,1.2117,1.1963,1.2061,292543.58
2018/06/17 05:00:00,1.2059,1.2182,1.2016,1.2079,231961.51
2018/06/17 06:00:00,1.2115,1.2197,1.2033,1.2041,265837.17
2018/06/17 07:00:00,1.2043,1.2195,1.2043,1.2139,248370.5
2018/06/17 08:00:00,1.2121,1.2139,1.1868,1.1943,291126.8
2018/06/17 09:00:00,1.1943,1.2021,1.194,1.1971,310222.62
2018/06/17 10:00:00,1.1957,1.2062,1.1957,1.2021,345167.39
2018/06/17 11:00:00,1.2033,1.2117,1.2011,1.2065,277696.28
2018/06/17 12:00:00,1.2065,1.217,1.2042,1.2147,336376.98
2018/06/17 13:00:00,1.2148,1.2169,1.1959,1.2,277353.11
2018/06/17 14:00:00,1.2024,1.2083,1.1855,1.1893,362000.69
2018/06/17 15:00:00,1.1904,1.1951,1.189,1.1916,329622.57
2018/06/17 16:00:00,1.1911,1.2,1.1886,1.1956,275333.21
2018/06/17 17:00:00,1.1957,1.206,1.1883,1.1909,294319.91
2018/06/17 18:00:00,1.189,1.2025,1.189,1.1996,341077.19
2018/06/17 19:00:00,1.1997,1.2022,1.1893,1.1973,273474.19
2018/06/17 20:00:00,1.1965,1.1975,1.1756,1.1883,342236.34
2018/06/17 21:00:00,1.1869,1.196,1.1729,1.1755,320246.83
2018/06/17 22:00:00,1.1754,1.1871,1.17,1.1791,337861.0
2018/06/17 23:00:00,1.1776,1.1837,1.1731,1.1779,364957.05
2018/06/18 00:00:00,1.1757,1.19,1.1709,1.185,228565.77
2018/06/18 01:00:00,1.1849,1.19,1.1757,1.1783,458736.82
2018/06/18 02:00:00,1.1783,1.1875,1.1746,1.18,262004.3
2018/06/18 03:00:00,1.18,1.186,1.18,1.1841,371168.74
2018/06/18 04:00:00,1.1848,1.1895,1.1833,1.1866,357539.29
2018/06/18 05:00:00,1.1866,1.1895,1.18,1.1844,444258.93
2018/06/18 06:00:00,1.1845,1.1881,1.1818,1.1867,317393.61
2018/06/18 07:00:00,1.187,1.1923,1.18,1.18,367691.43
2018/06/18 08:00:00,1.1805,1.1805,1.1691,1.1716,284511.82
2018/06/18 09:00:00,1.1744,1.1799,1.16,1.1612,358554.11
2018/06/18 10:00:00,1.1612,1.1717,1.1555,1.1599,270743.27
2018/06/18 11:00:00,1.1599,1.168,1.1578,1.1648,351333.06
2018/06/18 12:00:00,1.1647,1.1647,1.1567,1.1591,331743.08
2018/06/18 13:00:00,1.1601,1.1638,1.1508,1.1537,326830.43
2018/06/18 14:00:00,1.1546,1.1691,1.1537,1.166,348214.15
2018/06/18 15:00:00,1.1669,1.169,1.1585,1.1611,290179.07
2018/06/18 16:00:00,1.1622,1.1678,1.1433,1.1449,447475.57
2018/06/18 17:00:00,1.1466,1.162,1.1449,1.1575,420439.27
2018/06/18 18:00:00,1.1576,1.1624,1.145,1.1491,354869.9
2018/06/18 19:00:00,1.148,1.1511,1.1452,1.1476,355535.67
2018/06/18 20:00:00,1.1476,1.1513,1.1153,1.1242,504753.19
2018/06/18 21:00:00,1.1243,1.1324,1.1179,1.1221,360981.67
2018/06/18 22:00:00,1.1213,1.122,1.1003,1.108,512019.19
2018/06/18 23:00:00,1.1076,1.1319,1.1,1.1174,475974.93
2018/06/19 00:00:00,1.1158,1.126,1.1111,1.117,378171.5
2018/06/19 01:00:00,1.1194,1.1815,1.1017,1.1681,750559.98
2018/06/19 02:00:00,1.1681,1.229,1.1681,1.2007,1187836.7
2018/06/19 03:00:00,1.2007,1.2092,1.1924,1.1969,400009.32
2018/06/19 04:00:00,1.1969,1.1971,1.1675,1.1794,451364.84
2018/06/19 05:00:00,1.179,1.1949,1.1751,1.1933,320276.78
2018/06/19 06:00:00,1.1934,1.1969,1.1848,1.1876,332031.87
2018/06/19 07:00:00,1.1876,1.1899,1.1771,1.1776,402521.76
2018/06/19 08:00:00,1.1776,1.1849,1.1691,1.1801,356875.57
2018/06/19 09:00:00,1.1818,1.1968,1.18,1.1849,125297.63
2018/06/19 10:00:00,1.188,1.188,1.18,1.1833,23542.41
2018/06/19 11:00:00,1.1804,1.1828,1.1691,1.1691,102783.79
2018/06/19 12:00:00,1.1692,1.1715,1.1651,1.1653,196919.74
2018/06/19 13:00:00,1.1653,1.1743,1.16,1.1725,429481.8
2018/06/19 14:00:00,1.1734,1.1785,1.1688,1.1747,279765.92
2018/06/19 15:00:00,1.1753,1.1757,1.16,1.1609,300636.36
2018/06/19 16:00:00,1.1609,1.1712,1.1609,1.17,229475.9
2018/06/19 17:00:00,1.17,1.18,1.168,1.1754,383757.45
2018/06/19 18:00:00,1.1761,1.1956,1.1748,1.1905,374121.79
2018/06/19 19:00:00,1.1905,1.2089,1.1883,1.1986,374900.14
2018/06/19 20:00:00,1.1986,1.241,1.1934,1.2248,446116.47
2018/06/19 21:00:00,1.2248,1.265,1.2172,1.2443,411939.22
2018/06/19 22:00:00,1.2443,1.2577,1.193,1.2088,587635.56
2018/06/19 23:00:00,1.2088,1.212,1.1914,1.2014,426573.64
2018/06/20 00:00:00,1.2014,1.21,1.1955,1.2037,413837.28
2018/06/20 01:00:00,1.2043,1.2048,1.167,1.1779,567317.18
2018/06/20 02:00:00,1.178,1.1888,1.1732,1.1801,379857.86
2018/06/20 03:00:00,1.1801,1.1814,1.1742,1.1766,387455.44
2018/06/20 04:00:00,1.1766,1.1866,1.1754,1.1838,362491.35
2018/06/20 05:00:00,1.1815,1.1863,1.1673,1.1699,329829.16
2018/06/20 06:00:00,1.168,1.1776,1.1678,1.1769,309904.19
2018/06/20 07:00:00,1.1769,1.1837,1.1711,1.1796,328628.69
2018/06/20 08:00:00,1.1796,1.183,1.1666,1.1818,307676.94
2018/06/20 09:00:00,1.1804,1.1841,1.1481,1.1481,381903.46
2018/06/20 10:00:00,1.15,1.1552,1.1239,1.1416,522503.0
2018/06/20 11:00:00,1.1416,1.1417,1.1237,1.1301,375663.18
2018/06/20 12:00:00,1.1315,1.1394,1.1245,1.1261,431122.74
2018/06/20 13:00:00,1.127,1.13,1.1116,1.1254,347966.37
2018/06/20 14:00:00,1.1253,1.1328,1.1239,1.1288,114749.33
2018/06/20 15:00:00,1.1288,1.155,1.1288,1.1422,159678.67
2018/06/20 16:00:00,1.1461,1.1503,1.128,1.1503,357970.53
2018/06/20 17:00:00,1.1461,1.1473,1.1318,1.1394,277701.0
2018/06/20 18:00:00,1.1394,1.1425,1.1318,1.1389,372071.87
2018/06/20 19:00:00,1.1381,1.1389,1.124,1.1306,480616.02
2018/06/20 20:00:00,1.13,1.1494,1.125,1.1403,379739.29
2018/06/20 21:00:00,1.1406,1.1431,1.1305,1.1324,353463.46
2018/06/20 22:00:00,1.1323,1.165,1.118,1.1567,650269.41
2018/06/20 23:00:00,1.1579,1.1799,1.1562,1.1762,468501.52
2018/06/21 00:00:00,1.1766,1.1778,1.1568,1.1606,394560.92
2018/06/21 01:00:00,1.1606,1.18,1.16,1.164,362680.06
2018/06/21 02:00:00,1.1637,1.1685,1.1605,1.1648,362794.41
2018/06/21 03:00:00,1.1648,1.1775,1.164,1.169,366478.29
2018/06/21 04:00:00,1.1702,1.1702,1.1617,1.1651,351246.02
2018/06/21 05:00:00,1.1651,1.1671,1.1522,1.1575,513655.13
2018/06/21 06:00:00,1.156,1.16,1.1482,1.1547,334304.16
2018/06/21 07:00:00,1.1546,1.1641,1.1507,1.1616,342800.95
2018/06/21 08:00:00,1.1605,1.1649,1.1591,1.1598,240663.72
2018/06/21 09:00:00,1.1598,1.1638,1.1509,1.1599,281321.65
2018/06/21 10:00:00,1.1598,1.166,1.1531,1.1636,366856.75
2018/06/21 11:00:00,1.1648,1.18,1.1509,1.176,531340.94
2018/06/21 12:00:00,1.1769,1.1782,1.1696,1.1751,404572.12
2018/06/21 13:00:00,1.1753,1.176,1.1652,1.1688,341405.27
2018/06/21 14:00:00,1.1699,1.1717,1.1648,1.1668,222820.8
2018/06/21 15:00:00,1.168,1.17,1.1634,1.1682,342522.55
2018/06/21 16:00:00,1.1699,1.1707,1.163,1.1692,312953.46
2018/06/21 17:00:00,1.1693,1.1757,1.1415,1.147,381278.03
2018/06/21 18:00:00,1.1469,1.173,1.1427,1.1679,420756.52
2018/06/21 19:00:00,1.1693,1.173,1.165,1.168,335996.77
2018/06/21 20:00:00,1.1676,1.1686,1.1566,1.1566,267591.05
2018/06/21 21:00:00,1.1585,1.1613,1.1501,1.1524,230746.72
2018/06/21 22:00:00,1.1527,1.1599,1.1395,1.149,264971.73
2018/06/21 23:00:00,1.149,1.1524,1.1389,1.149,285763.01
2018/06/22 00:00:00,1.149,1.154,1.142,1.1497,280345.14
2018/06/22 01:00:00,1.1487,1.1558,1.1487,1.1522,259876.83
2018/06/22 02:00:00,1.1523,1.1542,1.1441,1.1499,312461.18
2018/06/22 03:00:00,1.1475,1.153,1.1431,1.1451,317218.39
2018/06/22 04:00:00,1.1441,1.1529,1.1431,1.1502,249581.2
2018/06/22 05:00:00,1.1502,1.161,1.1468,1.1514,453234.39
2018/06/22 06:00:00,1.1514,1.1553,1.147,1.1499,303571.32
2018/06/22 07:00:00,1.1479,1.167,1.1476,1.1612,359845.45
2018/06/22 08:00:00,1.1613,1.1636,1.1511,1.1584,409651.5
2018/06/22 09:00:00,1.1584,1.171,1.1582,1.1635,332428.5
2018/06/22 10:00:00,1.1622,1.1661,1.1267,1.1356,468305.09
2018/06/22 11:00:00,1.1355,1.1396,1.1269,1.1356,383922.29
2018/06/22 12:00:00,1.135,1.1371,1.1271,1.134,159192.59
2018/06/22 13:00:00,1.1329,1.134,1.1255,1.127,213852.6
2018/06/22 14:00:00,1.1271,1.1367,1.127,1.1302,319707.43
2018/06/22 15:00:00,1.1321,1.1363,1.12,1.1228,356494.85
2018/06/22 16:00:00,1.1228,1.126,1.0858,1.094,693102.73
2018/06/22 17:00:00,1.0952,1.1024,1.07,1.0781,432680.17
2018/06/22 18:00:00,1.0781,1.0812,1.0427,1.0489,403996.8
2018/06/22 19:00:00,1.0489,1.093,1.0478,1.0829,369445.4
2018/06/22 20:00:00,1.0832,1.095,1.067,1.0733,365008.72
2018/06/22 21:00:00,1.0732,1.0749,1.054,1.0582,468297.2
2018/06/22 22:00:00,1.0584,1.0601,1.006,1.0246,711178.25
2018/06/22 23:00:00,1.0246,1.0496,1.0245,1.0296,617816.77
2018/06/23 00:00:00,1.0293,1.0345,0.9902,1.002,556193.56
2018/06/23 01:00:00,1.0044,1.012,0.9832,1.0112,561775.81
2018/06/23 02:00:00,1.0114,1.014,0.98,0.9978,471067.53
2018/06/23 03:00:00,0.9977,1.0113,0.9753,1.0033,751346.18
2018/06/23 04:00:00,1.0033,1.0088,0.9928,0.9929,677084.47
2018/06/23 05:00:00,0.9954,1.0,0.9463,0.965,955676.95
2018/06/23 06:00:00,0.9651,0.9699,0.9304,0.9572,886611.76
2018/06/23 07:00:00,0.9571,1.0044,0.95,0.9961,647129.66
2018/06/23 08:00:00,0.9908,0.9908,0.9652,0.9726,410190.65
2018/06/23 09:00:00,0.9726,1.035,0.9726,1.0222,465989.54
2018/06/23 10:00:00,1.0222,1.035,1.0093,1.0296,354025.02
2018/06/23 11:00:00,1.0287,1.0368,1.0019,1.0098,363839.1
2018/06/23 12:00:00,1.0111,1.0171,0.9651,0.9933,516032.86
2018/06/23 13:00:00,0.9933,1.0057,0.9906,0.9996,268045.51
2018/06/23 14:00:00,0.9996,1.0065,0.98,0.9877,310321.68
2018/06/23 15:00:00,0.9899,0.9915,0.9545,0.9712,420359.34
2018/06/23 16:00:00,0.97,0.9975,0.9689,0.9945,288691.18
2018/06/23 17:00:00,0.9966,1.0096,0.9945,0.9971,289895.55
2018/06/23 18:00:00,0.9971,1.0206,0.9931,1.0206,377758.64
2018/06/23 19:00:00,1.0185,1.0297,1.006,1.0106,337268.71
2018/06/23 20:00:00,1.0102,1.0286,1.0051,1.0097,330639.84
2018/06/23 21:00:00,1.0097,1.0109,0.976,1.0009,399163.05
2018/06/23 22:00:00,1.0011,1.006,0.9798,1.0009,473361.64
2018/06/23 23:00:00,1.0066,1.0071,0.9961,0.9966,238752.98
2018/06/24 00:00:00,0.9969,0.9989,0.9828,0.9925,223458.46
2018/06/24 01:00:00,0.9913,1.0077,0.9911,0.9955,349990.73
2018/06/24 02:00:00,0.9962,1.022,0.9956,1.0127,354705.75
2018/06/24 03:00:00,1.0139,1.0192,1.0092,1.0136,382880.25
2018/06/24 04:00:00,1.0136,1.045,1.0136,1.0409,594682.28
2018/06/24 05:00:00,1.0413,1.0413,1.0241,1.0288,422055.98
2018/06/24 06:00:00,1.0282,1.069,1.0264,1.0571,523838.72
2018/06/24 07:00:00,1.0571,1.0739,1.046,1.053,430579.53
2018/06/24 08:00:00,1.053,1.06,1.0328,1.0366,305038.65
2018/06/24 09:00:00,1.0377,1.0429,1.0118,1.0158,327244.88
2018/06/24 10:00:00,1.0161,1.0203,1.0008,1.0011,362095.43
2018/06/24 11:00:00,1.0018,1.0188,1.0016,1.0141,292534.47
2018/06/24 12:00:00,1.012,1.0177,0.9991,0.9999,368637.78
2018/06/24 13:00:00,0.9999,1.0027,0.95,0.96,540652.79
2018/06/24 14:00:00,0.9623,0.9743,0.945,0.9476,477270.98
2018/06/24 15:00:00,0.9477,0.9565,0.9231,0.945,779081.08
2018/06/24 16:00:00,0.95,0.95,0.9284,0.9286,593917.29
2018/06/24 17:00:00,0.9288,0.9378,0.9121,0.9333,582108.28
2018/06/24 18:00:00,0.9331,0.955,0.9331,0.9468,451306.56
2018/06/24 19:00:00,0.9472,0.9626,0.94,0.9624,432144.45
2018/06/24 20:00:00,0.9625,0.9625,0.9477,0.9515,259028.25
2018/06/24 21:00:00,0.9506,0.9508,0.9299,0.9351,361707.85
2018/06/24 22:00:00,0.9363,0.9478,0.9335,0.9419,351983.03
2018/06/24 23:00:00,0.9419,0.9419,0.9246,0.9281,372953.46
2018/06/25 00:00:00,0.928,0.9281,0.881,0.8884,757666.51
2018/06/25 01:00:00,0.8884,1.0,0.8857,0.9949,1070036.2
2018/06/25 02:00:00,0.9948,1.02,0.9482,0.9899,795236.14
2018/06/25 03:00:00,0.9875,0.9905,0.967,0.9795,540427.27
2018/06/25 04:00:00,0.9794,0.9889,0.9706,0.9875,367894.33
2018/06/25 05:00:00,0.9875,0.99,0.9723,0.9878,386976.93
2018/06/25 06:00:00,0.9878,0.988,0.9682,0.9742,302171.03
2018/06/25 07:00:00,0.9741,0.9744,0.954,0.9618,325528.7
2018/06/25 08:00:00,0.9642,0.9799,0.9557,0.9732,308601.28
2018/06/25 09:00:00,0.9732,0.99,0.972,0.9859,270107.15
2018/06/25 10:00:00,0.986,0.9883,0.9724,0.9731,232866.04
2018/06/25 11:00:00,0.9742,0.9811,0.9522,0.9522,348778.96
2018/06/25 12:00:00,0.9539,0.9713,0.9522,0.9642,323036.47
2018/06/25 13:00:00,0.9643,0.9784,0.9615,0.9636,225122.11
2018/06/25 14:00:00,0.9633,0.9748,0.96,0.9745,358065.91
2018/06/25 15:00:00,0.9744,0.99,0.972,0.9842,364143.46
2018/06/25 16:00:00,0.9875,0.9891,0.9751,0.9811,276195.39
2018/06/25 17:00:00,0.981,0.9916,0.9791,0.9875,322933.56
2018/06/25 18:00:00,0.9875,0.99,0.98,0.99,345268.98
2018/06/25 19:00:00,0.9872,1.0106,0.9862,1.0,372127.25
2018/06/25 20:00:00,0.9999,1.0261,0.9997,1.0228,455443.63
2018/06/25 21:00:00,1.0244,1.05,0.979,0.9999,1010917.77
2018/06/25 22:00:00,0.9999,1.0,0.9843,0.9986,330515.87
2018/06/25 23:00:00,0.9986,1.0501,0.9933,1.0383,628836.71
2018/06/26 00:00:00,1.0362,1.0495,1.0341,1.0372,416906.58
2018/06/26 01:00:00,1.0385,1.0436,1.017,1.0282,741578.82
2018/06/26 02:00:00,1.0239,1.0285,1.016,1.0199,474249.57
2018/06/26 03:00:00,1.0199,1.03,1.0145,1.0159,468500.74
2018/06/26 04:00:00,1.0177,1.0194,1.0011,1.0069,392538.67
2018/06/26 05:00:00,1.003,1.016,0.9976,1.002,452134.01
2018/06/26 06:00:00,1.0039,1.0151,0.9989,1.013,395663.9
2018/06/26 07:00:00,1.0135,1.02,1.0111,1.0166,204746.98
2018/06/26 08:00:00,1.0144,1.0207,1.0101,1.0147,277257.53
2018/06/26 09:00:00,1.0177,1.0241,0.996,0.996,250184.64
2018/06/26 10:00:00,0.996,1.01,0.99,1.0028,298996.17
2018/06/26 21:00:00,1.0029,1.0099,0.9815,0.9949,460663.41
2018/06/26 22:00:00,0.995,1.0099,0.9816,0.984,510982.42
2018/06/26 23:00:00,0.9853,0.9869,0.9645,0.9765,513298.76
2018/06/27 00:00:00,0.976,0.9891,0.9727,0.987,388901.46
2018/06/27 01:00:00,0.9892,1.01,0.9764,0.988,389287.13
2018/06/27 02:00:00,0.987,0.987,0.98,0.9855,281765.23
2018/06/27 03:00:00,0.9838,0.9874,0.9616,0.9655,359424.51
2018/06/27 04:00:00,0.9656,0.9739,0.9551,0.9735,405371.46
2018/06/27 05:00:00,0.9735,0.9769,0.97,0.9752,352720.97
2018/06/27 06:00:00,0.9751,1.003,0.9696,0.98,409573.36
2018/06/27 07:00:00,0.9785,0.98,0.9502,0.956,415079.58
2018/06/27 08:00:00,0.956,0.99,0.9278,0.9353,473496.21
2018/06/27 09:00:00,0.936,0.955,0.923,0.9509,467140.63
2018/06/27 10:00:00,0.9503,0.9537,0.9411,0.9463,287395.96
2018/06/27 11:00:00,0.9445,0.9464,0.9364,0.9365,328048.11
2018/06/27 12:00:00,0.9384,0.9403,0.923,0.9254,405705.41
2018/06/27 13:00:00,0.9234,0.9404,0.923,0.9368,294933.21
2018/06/27 14:00:00,0.9367,0.9599,0.9313,0.944,383121.37
2018/06/27 15:00:00,0.9461,0.9615,0.9388,0.9393,376476.54
2018/06/27 16:00:00,0.9402,0.95,0.939,0.9466,333494.06
2018/06/27 17:00:00,0.9476,0.969,0.9452,0.9588,373238.66
2018/06/27 18:00:00,0.9595,0.9668,0.9527,0.9626,343284.01
2018/06/27 19:00:00,0.9637,1.02,0.9591,0.9761,429966.26
2018/06/27 20:00:00,0.976,0.9761,0.9601,0.9647,260640.83
2018/06/27 21:00:00,0.9648,0.9662,0.9496,0.9496,382123.75
2018/06/27 23:00:00,0.9495,0.9501,0.9328,0.946,111817.71
2018/06/28 00:00:00,0.9475,0.973,0.9455,0.9671,417312.27
2018/06/28 01:00:00,0.9654,0.9681,0.9555,0.968,313527.52
2018/06/28 02:00:00,0.9642,0.97,0.96,0.9679,315992.12
2018/06/28 03:00:00,0.9679,0.97,0.9639,0.9665,424319.28
2018/06/28 04:00:00,0.9664,0.974,0.9571,0.9708,348781.71
2018/06/28 05:00:00,0.9707,0.9763,0.9648,0.9714,336773.61
2018/06/28 06:00:00,0.9714,0.9715,0.9613,0.9647,339912.3
2018/06/28 07:00:00,0.9672,0.9995,0.961,0.9853,334229.08
2018/06/28 08:00:00,0.9883,1.004,0.9825,0.9825,284761.1
2018/06/28 09:00:00,0.9824,1.0,0.9813,0.9906,313899.4
2018/06/28 10:00:00,0.9918,0.9962,0.9815,0.9871,277730.46
2018/06/28 11:00:00,0.9871,0.9929,0.9805,0.9851,176932.09
2018/06/28 12:00:00,0.9848,0.9893,0.971,0.9766,232377.56
2018/06/28 13:00:00,0.9745,0.9769,0.9652,0.9733,284247.25
2018/06/28 14:00:00,0.9746,0.9759,0.9701,0.9734,274741.5
2018/06/28 15:00:00,0.9711,0.9724,0.965,0.9651,412576.21
2018/06/28 16:00:00,0.9653,0.9695,0.9621,0.9643,317393.32
2018/06/28 17:00:00,0.9681,0.98,0.9642,0.9715,400981.59
2018/06/28 18:00:00,0.972,0.9722,0.9621,0.9669,353848.31
2018/06/28 19:00:00,0.9659,0.9742,0.9637,0.9665,200174.81
2018/06/28 20:00:00,0.9657,0.975,0.9638,0.9705,334305.46
2018/06/28 21:00:00,0.9713,0.9812,0.9695,0.9758,260427.54
2018/06/28 22:00:00,0.9765,0.9779,0.9684,0.9728,366162.46
2018/06/28 23:00:00,0.9728,0.9759,0.9638,0.9747,360255.81
2018/06/29 00:00:00,0.9715,0.9746,0.97,0.9707,415211.81
2018/06/29 01:00:00,0.9707,0.975,0.9675,0.969,362289.95
2018/06/29 02:00:00,0.9701,0.9712,0.9638,0.9685,351061.59
2018/06/29 03:00:00,0.968,0.97,0.9661,0.9697,320729.35
2018/06/29 04:00:00,0.9692,0.9699,0.9526,0.9621,411632.22
2018/06/29 05:00:00,0.9632,0.9697,0.9458,0.9504,404197.79
2018/06/29 06:00:00,0.9505,0.958,0.9292,0.931,716276.34
2018/06/29 07:00:00,0.931,0.9478,0.9161,0.9321,686487.43
2018/06/29 08:00:00,0.932,0.9321,0.902,0.916,579817.81
2018/06/29 09:00:00,0.9149,0.9321,0.9138,0.927,239825.76
2018/06/29 10:00:00,0.927,0.927,0.916,0.9194,199499.13
2018/06/29 11:00:00,0.9193,0.922,0.906,0.912,373218.35
2018/06/29 12:00:00,0.912,0.9241,0.9102,0.92,285435.52
2018/06/29 13:00:00,0.9201,0.9232,0.914,0.9152,216931.05
2018/06/29 14:00:00,0.9151,0.9381,0.9014,0.9299,467395.97
2018/06/29 15:00:00,0.9299,0.9317,0.9154,0.9178,344699.12
2018/06/29 16:00:00,0.9209,0.9257,0.916,0.923,316560.32
2018/06/29 17:00:00,0.923,0.9318,0.92,0.9238,360270.59
2018/06/29 18:00:00,0.9239,0.9367,0.9214,0.928,405933.22
2018/06/29 19:00:00,0.9286,0.9299,0.9121,0.9133,379575.05
2018/06/29 20:00:00,0.9134,0.916,0.902,0.9063,427176.29
2018/06/29 21:00:00,0.9066,0.916,0.9051,0.9077,284018.83
2018/06/29 22:00:00,0.9075,0.9102,0.8924,0.9052,453562.93
2018/06/29 23:00:00,0.9054,0.924,0.9029,0.9177,325349.72
2018/06/30 00:00:00,0.9179,0.9208,0.909,0.916,411803.81
2018/06/30 01:00:00,0.9172,0.9184,0.9075,0.9095,280768.16
2018/06/30 02:00:00,0.9107,0.9126,0.901,0.911,413524.52
2018/06/30 03:00:00,0.911,0.9139,0.9032,0.9123,322418.88
2018/06/30 04:00:00,0.9112,0.9145,0.8979,0.9026,314491.11
2018/06/30 05:00:00,0.9027,0.9385,0.9005,0.9384,546518.64
2018/06/30 06:00:00,0.9371,0.9388,0.9219,0.9231,336905.52
2018/06/30 07:00:00,0.9231,0.9844,0.9227,0.9751,785498.5
2018/06/30 08:00:00,0.9764,0.9819,0.9585,0.9589,378533.44
2018/06/30 09:00:00,0.9607,0.9849,0.9599,0.9805,405035.42
2018/06/30 10:00:00,0.9805,1.03,0.98,1.0067,606898.67
2018/06/30 11:00:00,1.0065,1.0162,0.9932,0.9967,382152.85
2018/06/30 12:00:00,0.9945,1.0126,0.9892,0.9892,385945.67
2018/06/30 13:00:00,0.9916,1.015,0.9893,1.0086,338609.11
2018/06/30 14:00:00,1.0096,1.0246,1.0084,1.0084,349962.81
2018/06/30 15:00:00,1.0085,1.0101,0.993,0.9989,389526.34
2018/06/30 16:00:00,0.9989,1.0012,0.99,0.9981,341703.91
2018/06/30 17:00:00,0.9986,1.0086,0.995,1.0044,367376.04
2018/06/30 18:00:00,1.0045,1.02,0.9968,1.0148,398456.85
2018/06/30 19:00:00,1.0146,1.0183,0.9975,0.9992,402854.63
2018/06/30 20:00:00,1.0011,1.0099,0.9991,1.0044,246144.0
2018/06/30 21:00:00,1.0045,1.0272,1.0014,1.012,376518.66
2018/06/30 22:00:00,1.0121,1.0137,1.0062,1.0082,308425.6
2018/06/30 23:00:00,1.0086,1.0089,0.9778,0.994,636943.95
2018/07/01 00:00:00,0.994,1.0048,0.9852,0.996,372636.0
2018/07/01 01:00:00,0.996,1.0014,0.987,0.9955,304436.07
2018/07/01 02:00:00,0.9946,0.9988,0.9878,0.9906,230654.13
2018/07/01 03:00:00,0.9936,0.9946,0.978,0.98,242944.0
2018/07/01 04:00:00,0.9791,0.9836,0.9773,0.9811,333724.14
2018/07/01 05:00:00,0.9812,0.995,0.9766,0.995,350038.49
2018/07/01 06:00:00,0.995,0.9956,0.9845,0.9868,216542.85
2018/07/01 07:00:00,0.9869,0.9878,0.9818,0.9857,345404.59
2018/07/01 08:00:00,0.9857,1.0231,0.9841,1.0109,374983.9
2018/07/01 09:00:00,1.0129,1.0186,0.9967,1.0013,233970.97
2018/07/01 10:00:00,1.0013,1.0081,0.9966,0.9992,221117.16
2018/07/01 11:00:00,0.9977,1.0029,0.986,0.9927,270124.2
2018/07/01 12:00:00,0.9908,0.996,0.9861,0.9933,238848.15
2018/07/01 13:00:00,0.9938,1.0079,0.9872,1.0079,266857.7
2018/07/01 14:00:00,1.0079,1.0318,1.0063,1.0263,458112.51
2018/07/01 15:00:00,1.0262,1.0449,1.0236,1.036,341788.24
2018/07/01 16:00:00,1.0356,1.0387,1.0286,1.0382,341923.19
2018/07/01 17:00:00,1.0337,1.0378,1.024,1.0281,411994.19
2018/07/01 18:00:00,1.0281,1.048,1.0276,1.0374,513793.35
2018/07/01 19:00:00,1.0351,1.0488,1.0351,1.045,420252.84
2018/07/01 20:00:00,1.0427,1.0485,1.0361,1.0471,377263.98
2018/07/01 21:00:00,1.0471,1.0609,1.0388,1.0415,468007.79
2018/07/01 22:00:00,1.0449,1.0499,1.038,1.0411,347860.85
2018/07/01 23:00:00,1.0411,1.0412,1.0078,1.0128,418556.48
2018/07/02 00:00:00,1.0128,1.0299,1.007,1.0256,385008.31
2018/07/02 01:00:00,1.0298,1.0301,1.0193,1.0298,328439.02
2018/07/02 02:00:00,1.0271,1.0315,1.0235,1.0276,360449.62
2018/07/02 03:00:00,1.0278,1.04,1.0276,1.0356,370707.95
2018/07/02 04:00:00,1.0371,1.0379,1.0111,1.0213,392009.31
2018/07/02 05:00:00,1.0197,1.045,1.0191,1.0408,392078.9
2018/07/02 06:00:00,1.0414,1.0474,1.0331,1.0461,340206.0
2018/07/02 07:00:00,1.0461,1.0614,1.044,1.0612,523962.16
2018/07/02 08:00:00,1.0612,1.0825,1.0612,1.0675,472333.03
2018/07/02 09:00:00,1.0674,1.0737,1.0501,1.063,284687.09
2018/07/02 10:00:00,1.0651,1.0829,1.0635,1.0662,391871.12
2018/07/02 11:00:00,1.0661,1.0725,1.06,1.0699,242652.73
2018/07/02 12:00:00,1.0675,1.0726,1.0588,1.0591,388171.94
2018/07/02 13:00:00,1.0603,1.0608,1.0427,1.0493,330851.33
2018/07/02 14:00:00,1.0487,1.0499,1.0372,1.042,268280.38
2018/07/02 15:00:00,1.0411,1.0508,1.03,1.044,307601.79
2018/07/02 16:00:00,1.0449,1.0588,1.0388,1.0548,327432.41
2018/07/02 17:00:00,1.0506,1.0635,1.044,1.0469,307567.54
2018/07/02 18:00:00,1.047,1.053,1.044,1.0464,244173.97
2018/07/02 19:00:00,1.0448,1.0698,1.0446,1.0589,328054.0
2018/07/02 20:00:00,1.0589,1.0699,1.0583,1.0656,327257.34
2018/07/02 21:00:00,1.069,1.0692,1.0626,1.0654,283531.15
2018/07/02 22:00:00,1.0678,1.15,1.0651,1.1282,1010345.85
2018/07/02 23:00:00,1.1305,1.146,1.1198,1.1285,686316.51
2018/07/03 00:00:00,1.1285,1.165,1.1262,1.1463,548546.88
2018/07/03 01:00:00,1.1435,1.155,1.128,1.1541,478806.89
2018/07/03 02:00:00,1.154,1.1566,1.1419,1.1485,345341.61
2018/07/03 03:00:00,1.148,1.163,1.1464,1.159,498382.63
2018/07/03 04:00:00,1.159,1.175,1.1546,1.1558,536567.76
2018/07/03 05:00:00,1.1558,1.182,1.1551,1.1725,390697.45
2018/07/03 06:00:00,1.1725,1.192,1.1713,1.1783,381990.31
2018/07/03 07:00:00,1.1783,1.1799,1.157,1.1729,439973.81
2018/07/03 08:00:00,1.173,1.1762,1.1562,1.1648,333192.54
2018/07/03 09:00:00,1.1635,1.1679,1.155,1.1559,352300.58
2018/07/03 10:00:00,1.1559,1.1615,1.1511,1.1564,323960.95
2018/07/03 11:00:00,1.1563,1.1954,1.1563,1.1934,443962.49
2018/07/03 12:00:00,1.193,1.2177,1.1868,1.2037,453600.19
2018/07/03 13:00:00,1.2023,1.23,1.199,1.2053,476495.62
2018/07/03 14:00:00,1.2024,1.2131,1.1885,1.189,383151.78
2018/07/03 15:00:00,1.189,1.204,1.1727,1.2,409000.17
2018/07/03 16:00:00,1.2009,1.2037,1.1777,1.1951,515841.43
2018/07/03 17:00:00,1.1919,1.197,1.1651,1.1827,413471.81
2018/07/03 18:00:00,1.1832,1.1887,1.1725,1.1801,331700.52
2018/07/03 19:00:00,1.1805,1.1826,1.151,1.1656,613597.41
2018/07/03 20:00:00,1.1674,1.19,1.154,1.1849,526154.48
2018/07/03 21:00:00,1.1851,1.1879,1.1715,1.1774,396900.75
2018/07/03 22:00:00,1.1786,1.1849,1.1606,1.168,370497.83
2018/07/03 23:00:00,1.1641,1.17,1.1519,1.1656,394991.15
2018/07/04 00:00:00,1.1677,1.17,1.1601,1.1681,311262.4
2018/07/04 01:00:00,1.169,1.1767,1.1644,1.1756,285120.18
2018/07/04 02:00:00,1.1755,1.18,1.16,1.1629,244313.38
2018/07/04 03:00:00,1.1656,1.1658,1.1567,1.1576,312440.43
2018/07/04 04:00:00,1.1579,1.1799,1.131,1.1554,765535.72
2018/07/04 05:00:00,1.1555,1.1757,1.1501,1.162,353033.26
2018/07/04 06:00:00,1.1629,1.1696,1.1557,1.1563,330957.41
2018/07/04 07:00:00,1.157,1.1614,1.1203,1.1265,434752.98
2018/07/04 08:00:00,1.1264,1.145,1.1176,1.1376,341972.65
2018/07/04 09:00:00,1.1401,1.1485,1.1204,1.1276,70125.87
2018/07/04 17:00:00,1.1288,1.1923,1.1266,1.1799,284888.2
2018/07/04 18:00:00,1.1798,1.185,1.1743,1.1802,416750.25
2018/07/04 19:00:00,1.1802,1.186,1.1741,1.1741,330190.01
2018/07/04 20:00:00,1.1732,1.182,1.1672,1.176,314053.39
2018/07/04 21:00:00,1.176,1.2,1.1723,1.1936,421137.89
2018/07/04 22:00:00,1.1934,1.25,1.1933,1.2231,693064.52
2018/07/04 23:00:00,1.2267,1.2279,1.211,1.2205,535938.33
2018/07/05 00:00:00,1.2211,1.2249,1.2131,1.2243,356230.46
2018/07/05 01:00:00,1.2242,1.227,1.2054,1.2068,524163.99
2018/07/05 02:00:00,1.2068,1.22,1.2067,1.2093,309395.85
2018/07/05 03:00:00,1.213,1.2287,1.2084,1.2146,317520.6
2018/07/05 04:00:00,1.2125,1.2258,1.2104,1.2237,324969.1
2018/07/05 05:00:00,1.2248,1.2322,1.2234,1.2261,339693.35
2018/07/05 06:00:00,1.2261,1.24,1.22,1.2394,351095.2
2018/07/05 07:00:00,1.2391,1.2615,1.1973,1.208,665094.96
2018/07/05 08:00:00,1.2088,1.2098,1.1851,1.207,380376.88
2018/07/05 09:00:00,1.207,1.2116,1.1812,1.185,293766.03
2018/07/05 10:00:00,1.1855,1.2201,1.1829,1.2055,300794.5
2018/07/05 11:00:00,1.2055,1.215,1.1852,1.1852,172822.31
2018/07/05 12:00:00,1.1907,1.2037,1.1864,1.1943,129743.2
2018/07/05 13:00:00,1.1987,1.2029,1.1915,1.1985,145368.85
2018/07/05 14:00:00,1.1985,1.2063,1.1762,1.184,378077.14
2018/07/05 15:00:00,1.1833,1.1835,1.1762,1.1769,313158.13
2018/07/05 16:00:00,1.1769,1.1941,1.1753,1.1882,420239.66
2018/07/05 17:00:00,1.1881,1.2021,1.1751,1.1983,323283.3
2018/07/05 18:00:00,1.1984,1.1999,1.1625,1.1919,348661.3
2018/07/05 19:00:00,1.1919,1.197,1.1843,1.1892,378438.55
2018/07/05 20:00:00,1.1913,1.2081,1.1862,1.1895,368470.82
2018/07/05 21:00:00,1.1895,1.1976,1.1756,1.1921,355229.04
2018/07/05 22:00:00,1.1943,1.1973,1.172,1.175,248415.88
2018/07/05 23:00:00,1.1721,1.1753,1.15,1.1557,463769.16
2018/07/06 00:00:00,1.1586,1.1698,1.139,1.1698,543188.59
2018/07/06 01:00:00,1.1698,1.1782,1.1562,1.1629,404300.09
2018/07/06 02:00:00,1.1561,1.161,1.129,1.1333,400739.24
2018/07/06 03:00:00,1.1368,1.1464,1.1123,1.1275,465617.7
2018/07/06 04:00:00,1.1274,1.1351,1.107,1.1348,476978.75
2018/07/06 05:00:00,1.1298,1.1342,1.111,1.115,317153.72
2018/07/06 06:00:00,1.121,1.126,1.107,1.1218,255651.18
2018/07/06 07:00:00,1.1218,1.1773,1.1151,1.1496,293332.33
2018/07/06 08:00:00,1.1606,1.1616,1.1441,1.1539,213314.13
2018/07/06 09:00:00,1.1543,1.1581,1.1441,1.1449,198267.87
2018/07/06 10:00:00,1.1441,1.1484,1.1336,1.145,145908.59
2018/07/06 11:00:00,1.145,1.155,1.1424,1.1504,170356.1
2018/07/06 12:00:00,1.1535,1.1559,1.14,1.14,231676.87
2018/07/06 13:00:00,1.1424,1.1444,1.112,1.1313,293092.05
2018/07/06 14:00:00,1.1313,1.1328,1.11,1.1135,222401.94
2018/07/06 15:00:00,1.1105,1.1155,1.08,1.087,506631.99
2018/07/06 16:00:00,1.0845,1.1113,1.081,1.1,243615.07
2018/07/06 17:00:00,1.1015,1.1169,1.0932,1.0952,318536.39
2018/07/06 18:00:00,1.0952,1.097,1.0621,1.0705,393007.28
2018/07/06 19:00:00,1.07,1.0872,1.0674,1.0788,315615.12
2018/07/06 20:00:00,1.0811,1.0883,1.0664,1.0867,308834.76
2018/07/06 21:00:00,1.0874,1.111,1.0829,1.0864,683244.97
2018/07/06 22:00:00,1.0861,1.0879,1.055,1.0682,680005.07
2018/07/06 23:00:00,1.0694,1.0737,1.0356,1.0443,616647.36
2018/07/07 00:00:00,1.0432,1.0609,1.0407,1.0568,313817.99
2018/07/07 01:00:00,1.0561,1.068,1.0517,1.0588,295041.77
2018/07/07 02:00:00,1.0562,1.0756,1.0509,1.0655,417959.02
2018/07/07 03:00:00,1.0642,1.0713,1.045,1.0562,385559.3
2018/07/07 04:00:00,1.0562,1.059,1.046,1.0558,270754.51
2018/07/07 05:00:00,1.056,1.0632,1.0542,1.0627,370313.36
2018/07/07 06:00:00,1.0647,1.0658,1.0561,1.0643,437072.48
2018/07/07 07:00:00,1.0658,1.0735,1.05,1.0594,244507.48
2018/07/07 08:00:00,1.0579,1.0623,1.05,1.0601,454753.84
2018/07/07 09:00:00,1.059,1.06,1.0428,1.0551,258902.17
2018/07/07 10:00:00,1.0549,1.0558,1.0404,1.0429,332183.21
2018/07/07 11:00:00,1.0429,1.056,1.0408,1.0531,218607.17
2018/07/07 12:00:00,1.0538,1.0609,1.0483,1.0609,304399.52
2018/07/07 13:00:00,1.0605,1.08,1.0559,1.0702,303650.42
2018/07/07 14:00:00,1.0688,1.091,1.0687,1.0893,426619.62
2018/07/07 15:00:00,1.0898,1.0899,1.0648,1.0772,340846.15
2018/07/07 16:00:00,1.0788,1.0825,1.0674,1.0804,324571.57
2018/07/07 17:00:00,1.0804,1.085,1.0745,1.0786,407249.57
2018/07/07 18:00:00,1.0763,1.08,1.0639,1.0715,264713.58
2018/07/07 19:00:00,1.0729,1.0764,1.0609,1.0686,299396.14
2018/07/07 20:00:00,1.0709,1.0712,1.0636,1.0686,380219.71
2018/07/07 21:00:00,1.0672,1.0715,1.042,1.049,421840.19
2018/07/07 22:00:00,1.0499,1.05,1.031,1.0408,514170.7
2018/07/07 23:00:00,1.0408,1.0621,1.0383,1.0603,321031.45
2018/07/08 00:00:00,1.06,1.0602,1.0417,1.0433,254849.68
2018/07/08 01:00:00,1.0433,1.051,1.0333,1.042,234936.99
2018/07/08 02:00:00,1.0401,1.0425,1.035,1.04,304659.81
2018/07/08 03:00:00,1.0396,1.046,1.0382,1.0432,221179.41
2018/07/08 04:00:00,1.0447,1.045,1.039,1.0434,356269.34
2018/07/08 05:00:00,1.0434,1.0441,1.0315,1.035,217542.75
2018/07/08 06:00:00,1.0331,1.04,1.0266,1.0304,266773.53
2018/07/08 07:00:00,1.032,1.0573,1.0301,1.0573,279283.15
2018/07/08 08:00:00,1.0571,1.1133,1.0505,1.109,702952.48
2018/07/08 09:00:00,1.1063,1.136,1.095,1.0999,481771.04
2018/07/08 10:00:00,1.0999,1.1029,1.0934,1.0995,305007.93
2018/07/08 11:00:00,1.0994,1.118,1.0967,1.118,227228.61
2018/07/08 12:00:00,1.1179,1.1221,1.0957,1.0989,328088.31
2018/07/08 13:00:00,1.0958,1.1024,1.0814,1.0903,438381.38
2018/07/08 14:00:00,1.0931,1.1003,1.0911,1.0947,354499.94
2018/07/08 15:00:00,1.0966,1.1006,1.0938,1.0969,223235.72
2018/07/08 16:00:00,1.0967,1.0999,1.0902,1.0977,272854.05
2018/07/08 17:00:00,1.0996,1.1001,1.0939,1.0959,243331.91
2018/07/08 18:00:00,1.0959,1.1068,1.0959,1.104,234828.11
2018/07/08 19:00:00,1.1049,1.1093,1.1,1.1019,154590.23
2018/07/08 20:00:00,1.1019,1.1329,1.1005,1.117,373119.55
2018/07/08 21:00:00,1.1187,1.1312,1.1041,1.1145,325455.05
2018/07/08 22:00:00,1.1165,1.1167,1.1041,1.1109,257635.47
2018/07/08 23:00:00,1.1109,1.1109,1.0967,1.108,401632.25
2018/07/09 00:00:00,1.1054,1.1308,1.1029,1.1204,393864.74
2018/07/09 01:00:00,1.1164,1.125,1.1119,1.1187,249975.51
2018/07/09 02:00:00,1.1193,1.1237,1.1168,1.1191,202682.49
2018/07/09 03:00:00,1.1194,1.1219,1.1161,1.1206,284191.26
2018/07/09 04:00:00,1.122,1.1236,1.1186,1.1207,300625.62
2018/07/09 05:00:00,1.1207,1.1224,1.0993,1.1025,372553.76
2018/07/09 06:00:00,1.1009,1.1108,1.0993,1.1044,339689.37
2018/07/09 07:00:00,1.1052,1.1072,1.0943,1.0965,242947.18
2018/07/09 08:00:00,1.0983,1.1008,1.064,1.0779,435653.71
2018/07/09 09:00:00,1.0801,1.0904,1.0751,1.0778,235439.33
2018/07/09 10:00:00,1.0794,1.0795,1.0676,1.0709,231162.83
2018/07/09 11:00:00,1.0699,1.074,1.0639,1.0711,238322.92
2018/07/09 12:00:00,1.0736,1.084,1.072,1.0824,189309.98
2018/07/09 13:00:00,1.0818,1.0829,1.0731,1.0731,267291.87
2018/07/09 14:00:00,1.0743,1.0787,1.07,1.0787,246953.02
2018/07/09 15:00:00,1.0787,1.0835,1.07,1.0756,275916.41
2018/07/09 16:00:00,1.0765,1.0893,1.0754,1.0865,160690.49
2018/07/09 17:00:00,1.0866,1.088,1.079,1.0841,161227.23
2018/07/09 18:00:00,1.0848,1.0848,1.066,1.0695,271568.09
2018/07/09 19:00:00,1.0695,1.0728,1.0644,1.0715,230443.44
2018/07/09 20:00:00,1.0687,1.0865,1.068,1.079,212822.32
2018/07/09 21:00:00,1.0797,1.0798,1.0669,1.0684,261090.18
2018/07/09 22:00:00,1.0686,1.0883,1.0684,1.0882,262842.88
2018/07/09 23:00:00,1.088,1.0881,1.0791,1.0835,251647.88
2018/07/10 00:00:00,1.0836,1.0879,1.0776,1.0776,115572.37
2018/07/10 01:00:00,1.0791,1.0816,1.0669,1.0716,262068.78
2018/07/10 02:00:00,1.0715,1.0726,1.0501,1.0595,282360.68
2018/07/10 03:00:00,1.0594,1.0664,1.0527,1.0629,258229.5
2018/07/10 04:00:00,1.063,1.0687,1.0501,1.0663,303009.64
2018/07/10 05:00:00,1.0691,1.0691,1.056,1.056,198086.07
2018/07/10 06:00:00,1.0558,1.0702,1.0554,1.069,352198.74
2018/07/10 07:00:00,1.0703,1.0947,1.0471,1.058,538597.4
2018/07/10 08:00:00,1.0554,1.065,1.0321,1.0416,404038.29
2018/07/10 09:00:00,1.0416,1.0429,1.0215,1.0259,484868.85
2018/07/10 10:00:00,1.0281,1.0281,1.0133,1.0225,237251.46
2018/07/10 11:00:00,1.0252,1.0254,1.0,1.0041,286157.47
2018/07/10 12:00:00,1.004,1.0188,1.0,1.01,337914.41
2018/07/10 13:00:00,1.006,1.0328,1.0056,1.0294,226380.93
2018/07/10 14:00:00,1.0284,1.0284,1.0051,1.0109,222732.22
2018/07/10 15:00:00,1.0119,1.0198,0.9898,1.0108,333446.43
2018/07/10 16:00:00,1.0077,1.0157,0.9965,1.0099,324730.0
2018/07/10 17:00:00,1.0053,1.0149,0.9948,0.9987,161950.63
2018/07/10 18:00:00,0.9992,1.0012,0.9695,0.9739,454371.01
2018/07/10 19:00:00,0.97,0.9871,0.9681,0.9856,355984.26
2018/07/10 20:00:00,0.9815,0.9845,0.95,0.96,515457.21
2018/07/10 21:00:00,0.9578,0.9692,0.955,0.9675,302271.12
2018/07/10 22:00:00,0.9675,0.9811,0.965,0.9736,389022.55
2018/07/10 23:00:00,0.9736,0.98,0.9646,0.9754,226872.85
2018/07/11 00:00:00,0.9772,0.9838,0.9739,0.9807,278368.82
2018/07/11 01:00:00,0.9811,0.9918,0.976,0.9799,243905.12
2018/07/11 02:00:00,0.9799,0.9799,0.9699,0.9716,228198.17
2018/07/11 03:00:00,0.9736,0.9743,0.9625,0.968,247856.71
2018/07/11 04:00:00,0.9642,0.9801,0.9642,0.9773,277084.19
2018/07/11 05:00:00,0.9772,0.9872,0.9763,0.9838,236002.17
2018/07/11 06:00:00,0.9838,0.9946,0.9804,0.9809,324557.23
2018/07/11 07:00:00,0.981,0.991,0.9778,0.9835,216731.68
2018/07/11 08:00:00,0.9809,0.9836,0.95,0.9553,582954.15
2018/07/11 09:00:00,0.9554,0.99,0.944,0.9857,502546.51
2018/07/11 10:00:00,0.987,0.99,0.9734,0.9754,170049.38
2018/07/11 11:00:00,0.9754,0.9858,0.9728,0.9765,166801.33
2018/07/11 12:00:00,0.9767,0.9813,0.9603,0.9621,190287.17
2018/07/11 13:00:00,0.9627,0.9672,0.9432,0.9624,202753.5
2018/07/11 14:00:00,0.9616,0.9638,0.9433,0.9561,196847.43
2018/07/11 15:00:00,0.9561,0.9639,0.9454,0.9596,221027.87
2018/07/11 16:00:00,0.9574,0.9821,0.9571,0.9728,344951.81
2018/07/11 17:00:00,0.977,0.987,0.9722,0.9867,302775.16
2018/07/11 18:00:00,0.9869,0.989,0.964,0.9685,193929.48
2018/07/11 19:00:00,0.9684,0.979,0.9684,0.9777,262089.34
2018/07/11 20:00:00,0.9777,1.008,0.9762,0.9959,417937.39
2018/07/11 21:00:00,0.9932,1.002,0.98,0.9864,324842.35
2018/07/11 22:00:00,0.9865,0.9955,0.9846,0.9868,412539.73
2018/07/11 23:00:00,0.9868,0.9868,0.9732,0.9822,366245.56
2018/07/12 00:00:00,0.9823,0.9899,0.9779,0.9803,184473.46
2018/07/12 01:00:00,0.9849,0.9898,0.9701,0.9789,165608.97
2018/07/12 02:00:00,0.9744,0.9897,0.9742,0.9801,155665.34
2018/07/12 03:00:00,0.9811,0.9828,0.9703,0.9731,213296.53
2018/07/12 04:00:00,0.9721,0.9791,0.9603,0.9752,250793.2
2018/07/12 05:00:00,0.9775,0.9813,0.9737,0.9757,79620.95
2018/07/12 06:00:00,0.9749,0.9915,0.973,0.9813,231479.15
2018/07/12 07:00:00,0.9825,0.9956,0.9779,0.9933,168288.35
2018/07/12 08:00:00,0.9933,1.0037,0.9881,1.0025,309116.36
2018/07/12 09:00:00,1.0026,1.0056,0.9929,0.9993,281947.16
2018/07/12 10:00:00,0.9994,0.9998,0.9827,0.9839,189918.43
2018/07/12 11:00:00,0.9827,0.9883,0.9757,0.9782,146536.44
2018/07/12 12:00:00,0.9782,0.9865,0.9781,0.9831,257706.69
2018/07/12 13:00:00,0.9855,0.9899,0.9794,0.9837,109261.21
2018/07/12 14:00:00,0.9834,0.9841,0.9683,0.9738,298939.0
2018/07/12 15:00:00,0.9739,0.9747,0.9494,0.9505,505955.03
2018/07/12 16:00:00,0.9528,0.958,0.945,0.9475,331497.05
2018/07/12 17:00:00,0.9474,0.9577,0.9432,0.9562,309894.27
2018/07/12 18:00:00,0.9562,0.959,0.9498,0.9502,207676.15
2018/07/12 19:00:00,0.9507,0.9527,0.9432,0.95,308088.0
2018/07/12 20:00:00,0.9515,0.958,0.9404,0.951,207405.49
2018/07/12 21:00:00,0.9525,0.965,0.9497,0.9503,228919.5
2018/07/12 22:00:00,0.9521,0.9592,0.9502,0.9592,246639.5
2018/07/12 23:00:00,0.9563,0.963,0.954,0.9562,381583.39
2018/07/13 00:00:00,0.9589,0.959,0.949,0.9493,182994.2
2018/07/13 01:00:00,0.9493,0.9669,0.9489,0.9598,224024.97
2018/07/13 02:00:00,0.9572,0.9608,0.9491,0.95,183072.9
2018/07/13 03:00:00,0.9506,0.954,0.9454,0.9493,237546.18
2018/07/13 04:00:00,0.9494,0.9573,0.9446,0.9498,156774.5
2018/07/13 05:00:00,0.9498,0.9549,0.941,0.9481,164018.38
2018/07/13 06:00:00,0.9494,0.9524,0.9416,0.9425,214392.34
2018/07/13 07:00:00,0.9449,0.9451,0.9314,0.9372,331459.83
2018/07/13 08:00:00,0.9386,0.973,0.929,0.9664,327682.83
2018/07/13 09:00:00,0.9654,0.982,0.9539,0.967,289960.74
2018/07/13 10:00:00,0.9654,0.98,0.9613,0.9721,253038.84
2018/07/13 11:00:00,0.9722,0.9828,0.9704,0.9779,226575.98
2018/07/13 12:00:00,0.9781,0.9925,0.9781,0.9867,218970.41
2018/07/13 13:00:00,0.9907,0.9935,0.977,0.9786,245336.42
2018/07/13 14:00:00,0.9787,0.991,0.978,0.9909,302475.12
2018/07/13 15:00:00,0.9909,0.9937,0.9792,0.9848,205534.86
2018/07/13 16:00:00,0.9876,0.9892,0.9816,0.9888,263626.62
2018/07/13 17:00:00,0.9879,0.9889,0.9755,0.9782,227786.8
2018/07/13 18:00:00,0.9792,0.9815,0.9708,0.9767,216207.93
2018/07/13 19:00:00,0.9794,0.9821,0.9712,0.975,282542.8
2018/07/13 20:00:00,0.9741,0.9805,0.9741,0.9802,205238.84
2018/07/13 21:00:00,0.98,0.9899,0.9779,0.9862,173155.72
2018/07/13 22:00:00,0.986,0.9896,0.9701,0.9737,238568.63
2018/07/13 23:00:00,0.9747,0.9787,0.971,0.9778,206373.94
2018/07/14 00:00:00,0.9778,0.9849,0.9762,0.9831,312373.36
2018/07/14 01:00:00,0.983,0.9839,0.9757,0.976,178979.47
2018/07/14 02:00:00,0.976,0.9843,0.9759,0.9843,229940.88
2018/07/14 03:00:00,0.9832,0.9968,0.973,0.9785,488747.41
2018/07/14 04:00:00,0.9798,0.9814,0.9623,0.9678,323008.01
2018/07/14 05:00:00,0.9674,0.9768,0.9541,0.958,345971.67
2018/07/14 06:00:00,0.9578,0.9718,0.9541,0.9675,268320.07
2018/07/14 07:00:00,0.9684,0.9684,0.9575,0.9608,171387.42
2018/07/14 08:00:00,0.9609,0.9659,0.953,0.9614,271724.36
2018/07/14 09:00:00,0.9594,0.969,0.9575,0.9575,169108.13
2018/07/14 10:00:00,0.9578,0.9669,0.9564,0.9611,169693.89
2018/07/14 11:00:00,0.9604,0.9637,0.9569,0.9596,181021.56
2018/07/14 12:00:00,0.9561,0.9604,0.952,0.9539,127607.36
2018/07/14 13:00:00,0.9541,0.9639,0.953,0.9567,263208.26
2018/07/14 14:00:00,0.9546,0.9609,0.952,0.9585,226246.34
2018/07/14 15:00:00,0.9583,0.97,0.9571,0.9659,246339.74
2018/07/14 16:00:00,0.9659,0.97,0.9641,0.9665,152491.18
2018/07/14 17:00:00,0.967,0.9685,0.9568,0.9597,182025.01
2018/07/14 18:00:00,0.961,0.9638,0.9497,0.9612,237956.89
2018/07/14 19:00:00,0.9612,0.9629,0.9539,0.9576,309783.87
2018/07/14 20:00:00,0.96,0.9656,0.955,0.9642,261252.17
2018/07/14 21:00:00,0.965,0.97,0.9602,0.9653,213991.39
2018/07/14 22:00:00,0.964,0.97,0.9627,0.9698,258224.08
2018/07/14 23:00:00,0.9699,0.9772,0.969,0.9726,252188.0
2018/07/15 00:00:00,0.9745,0.9772,0.9657,0.966,199069.13
2018/07/15 01:00:00,0.966,0.9796,0.964,0.9756,193010.08
2018/07/15 02:00:00,0.9747,0.9774,0.9693,0.9731,321130.93
2018/07/15 03:00:00,0.9736,0.9798,0.9634,0.9686,215912.54
2018/07/15 04:00:00,0.9663,0.9762,0.9567,0.9721,197084.92
2018/07/15 05:00:00,0.9721,0.99,0.9668,0.9774,370608.12
2018/07/15 06:00:00,0.9748,0.9848,0.9738,0.9786,239360.83
2018/07/15 07:00:00,0.9787,0.9837,0.9727,0.9745,255688.08
2018/07/15 08:00:00,0.9737,1.0249,0.965,0.972,458277.81
2018/07/15 09:00:00,0.9694,0.9757,0.9675,0.9733,204362.34
2018/07/15 10:00:00,0.9712,0.9727,0.9665,0.9677,226001.14
2018/07/15 11:00:00,0.9679,0.9717,0.9676,0.9714,232441.85
2018/07/15 12:00:00,0.9713,0.9719,0.9675,0.9703,230676.66
2018/07/15 13:00:00,0.9703,0.9785,0.97,0.9753,159018.5
2018/07/15 14:00:00,0.977,0.9787,0.9721,0.9757,217873.08
2018/07/15 15:00:00,0.9757,0.9787,0.9734,0.9759,197133.52
2018/07/15 16:00:00,0.9769,0.9789,0.9742,0.9788,314783.87
2018/07/15 17:00:00,0.9746,0.9901,0.9746,0.9816,192385.44
2018/07/15 18:00:00,0.9817,0.9867,0.9766,0.9778,149601.19
2018/07/15 19:00:00,0.9793,1.0,0.9778,0.988,476549.1
2018/07/15 20:00:00,0.9878,0.9935,0.9866,0.99,306472.26
2018/07/15 21:00:00,0.9892,0.99,0.9827,0.9872,375701.81
2018/07/15 22:00:00,0.9873,0.993,0.9843,0.993,221879.01
2018/07/15 23:00:00,0.993,0.9983,0.99,0.9938,232614.2
2018/07/16 00:00:00,0.995,1.0024,0.9935,1.001,403400.82
2018/07/16 01:00:00,1.0006,1.01,0.9998,1.0069,320245.75
2018/07/16 02:00:00,1.0075,1.043,0.9996,1.006,432712.15
2018/07/16 03:00:00,1.0059,1.0087,0.9986,1.0001,232250.53
2018/07/16 04:00:00,1.0,1.0056,0.9976,1.0045,196958.24
2018/07/16 05:00:00,1.0046,1.01,1.0023,1.0066,306098.26
2018/07/16 06:00:00,1.0066,1.0148,1.0059,1.009,238131.94
2018/07/16 07:00:00,1.0089,1.0201,1.0061,1.0136,246802.75
2018/07/16 08:00:00,1.0112,1.0168,0.9968,0.9981,418529.96
2018/07/16 09:00:00,0.9989,1.0069,0.995,1.0007,253690.65
2018/07/16 10:00:00,1.0004,1.0007,0.9868,0.9868,276482.99
2018/07/16 11:00:00,0.9871,0.9968,0.9823,0.9968,235354.07
2018/07/16 12:00:00,0.9968,0.9969,0.9859,0.9896,193950.13
2018/07/16 13:00:00,0.9912,0.9925,0.9867,0.9888,226770.37
2018/07/16 14:00:00,0.989,0.9964,0.981,0.9933,268229.95
2018/07/16 15:00:00,0.9933,1.0118,0.9902,1.0047,213612.27
2018/07/16 16:00:00,1.0075,1.01,0.9987,1.0011,278947.64
2018/07/16 17:00:00,1.0008,1.0143,1.0001,1.0076,259521.16
2018/07/16 18:00:00,1.0072,1.0589,1.005,1.0509,646301.09
2018/07/16 19:00:00,1.0517,1.0594,1.043,1.0545,305915.08
2018/07/16 20:00:00,1.0531,1.085,1.046,1.0751,370119.06
2018/07/16 21:00:00,1.074,1.0759,1.0592,1.0701,331377.78
2018/07/16 22:00:00,1.0701,1.075,1.0572,1.0576,234647.04
2018/07/16 23:00:00,1.0577,1.0777,1.0555,1.0751,330768.76
2018/07/17 00:00:00,1.0767,1.0899,1.0702,1.0753,349723.58
2018/07/17 01:00:00,1.0759,1.0888,1.0739,1.0752,340010.16
2018/07/17 02:00:00,1.0753,1.12,1.0619,1.0917,544647.13
2018/07/17 03:00:00,1.0907,1.1249,1.0758,1.0758,468974.17
2018/07/17 04:00:00,1.0754,1.0807,1.051,1.0729,536012.67
2018/07/17 05:00:00,1.0729,1.0743,1.0626,1.0664,302915.95
2018/07/17 06:00:00,1.0665,1.116,1.0635,1.0774,285812.39
2018/07/17 07:00:00,1.0774,1.092,1.0742,1.0797,302585.63
2018/07/17 08:00:00,1.0812,1.1029,1.0752,1.0943,315398.24
2018/07/17 09:00:00,1.0931,1.0975,1.082,1.0957,181300.29
2018/07/17 10:00:00,1.0956,1.0956,1.0872,1.0873,171780.84
2018/07/17 11:00:00,1.0897,1.097,1.0869,1.0951,205374.64
2018/07/17 12:00:00,1.092,1.1038,1.0911,1.0969,302448.47
2018/07/17 13:00:00,1.097,1.1045,1.0721,1.075,474971.94
2018/07/17 14:00:00,1.075,1.0803,1.0581,1.0581,449943.69
2018/07/17 15:00:00,1.0634,1.0698,1.0581,1.0669,270752.88
2018/07/17 16:00:00,1.0673,1.0783,1.0654,1.0761,368998.1
2018/07/17 17:00:00,1.0751,1.1,1.0724,1.0803,436778.86
2018/07/17 18:00:00,1.0805,1.0825,1.0641,1.07,236208.04
2018/07/17 19:00:00,1.0681,1.0786,1.068,1.0724,210490.79
2018/07/17 20:00:00,1.073,1.0778,1.056,1.0575,335722.38
2018/07/17 21:00:00,1.0589,1.07,1.0507,1.0664,309127.24
2018/07/17 22:00:00,1.0664,1.0678,1.0564,1.0591,243490.68
2018/07/17 23:00:00,1.0591,1.076,1.059,1.0682,342605.52
2018/07/18 00:00:00,1.0682,1.0863,1.066,1.0863,384246.17
2018/07/18 01:00:00,1.0863,1.0863,1.0714,1.0812,310679.31
2018/07/18 02:00:00,1.0813,1.14,1.0789,1.1365,932223.22
2018/07/18 03:00:00,1.1365,1.1671,1.1249,1.139,1062353.13
2018/07/18 04:00:00,1.1379,1.1575,1.1143,1.1319,581130.96
2018/07/18 05:00:00,1.1302,1.1425,1.13,1.1401,416452.04
2018/07/18 06:00:00,1.1415,1.183,1.1393,1.1508,481345.45
2018/07/18 07:00:00,1.1519,1.155,1.1089,1.1089,798404.62
2018/07/18 08:00:00,1.1145,1.1328,1.1024,1.1269,521204.16
2018/07/18 09:00:00,1.127,1.135,1.1069,1.1275,866215.29
2018/07/18 10:00:00,1.1279,1.1319,1.112,1.1222,433097.5
2018/07/18 11:00:00,1.1221,1.1551,1.1214,1.1471,506719.61
2018/07/18 12:00:00,1.1473,1.1723,1.1345,1.1474,548810.62
2018/07/18 13:00:00,1.1466,1.1498,1.1256,1.1298,351617.98
2018/07/18 14:00:00,1.1299,1.1561,1.1299,1.151,293419.17
2018/07/18 15:00:00,1.1497,1.1577,1.148,1.1518,299034.84
2018/07/18 16:00:00,1.1518,1.154,1.135,1.1427,492149.63
2018/07/18 17:00:00,1.1428,1.1442,1.1112,1.1253,545243.81
2018/07/18 18:00:00,1.1253,1.1362,1.1211,1.133,286351.62
2018/07/18 19:00:00,1.1334,1.139,1.1221,1.13,313553.07
2018/07/18 20:00:00,1.1285,1.1379,1.128,1.1355,250422.94
2018/07/18 21:00:00,1.1356,1.1428,1.1332,1.1353,286321.01
2018/07/18 22:00:00,1.1338,1.1363,1.113,1.1279,392648.1
2018/07/18 23:00:00,1.1266,1.145,1.1266,1.1321,446692.08
2018/07/19 00:00:00,1.1318,1.138,1.1279,1.135,451348.05
2018/07/19 01:00:00,1.135,1.1459,1.128,1.133,472716.95
2018/07/19 02:00:00,1.1327,1.15,1.13,1.15,447889.31
2018/07/19 03:00:00,1.1486,1.1607,1.125,1.1314,858109.74
2018/07/19 04:00:00,1.131,1.1361,1.0935,1.106,641190.77
2018/07/19 05:00:00,1.1059,1.106,1.061,1.0937,802393.17
2018/07/19 06:00:00,1.0931,1.0973,1.07,1.0786,444606.34
2018/07/19 07:00:00,1.0786,1.0971,1.0712,1.0884,272556.0
2018/07/19 08:00:00,1.0902,1.0954,1.08,1.087,300608.06
2018/07/19 09:00:00,1.087,1.087,1.0601,1.073,366348.91
2018/07/19 10:00:00,1.0703,1.0729,1.056,1.0591,211189.89
2018/07/19 11:00:00,1.059,1.0734,1.0552,1.0697,220627.4
2018/07/19 12:00:00,1.0696,1.079,1.0653,1.0659,225649.58
2018/07/19 13:00:00,1.0688,1.0741,1.0624,1.0736,165964.42
2018/07/19 14:00:00,1.0736,1.0789,1.0655,1.0754,181973.1
2018/07/19 15:00:00,1.0792,1.0838,1.068,1.0749,235661.26
2018/07/19 16:00:00,1.0748,1.0794,1.0637,1.0651,203324.46
2018/07/19 17:00:00,1.065,1.0759,1.0625,1.0702,169627.32
2018/07/19 18:00:00,1.0702,1.088,1.066,1.0877,371900.37
2018/07/19 19:00:00,1.085,1.0944,1.0751,1.0754,277652.47
2018/07/19 20:00:00,1.0754,1.0908,1.0734,1.086,233825.61
2018/07/19 21:00:00,1.0863,1.0951,1.0751,1.0787,388519.65
2018/07/19 22:00:00,1.0771,1.087,1.0705,1.0797,299927.54
2018/07/19 23:00:00,1.0791,1.0817,1.0625,1.0662,327754.05
2018/07/20 00:00:00,1.0662,1.0699,1.032,1.0406,558856.79
2018/07/20 01:00:00,1.0416,1.0521,1.032,1.0336,306670.78
2018/07/20 02:00:00,1.0322,1.06,1.0301,1.0576,379288.39
2018/07/20 03:00:00,1.0551,1.081,1.0401,1.044,384613.72
2018/07/20 04:00:00,1.0467,1.0583,1.04,1.042,218017.82
2018/07/20 05:00:00,1.042,1.0487,1.0328,1.0373,205726.07
2018/07/20 06:00:00,1.0399,1.0454,1.0334,1.0334,187688.3
2018/07/20 07:00:00,1.038,1.0736,1.0361,1.048,359130.99
2018/07/20 08:00:00,1.0496,1.055,1.0353,1.0425,162276.23
2018/07/20 09:00:00,1.0415,1.0441,1.0031,1.0106,783322.08
2018/07/20 10:00:00,1.0106,1.025,1.0061,1.0249,225835.87
2018/07/20 11:00:00,1.0249,1.0253,1.0104,1.0201,249455.24
2018/07/20 12:00:00,1.0201,1.025,1.011,1.0244,282608.61
2018/07/20 13:00:00,1.0245,1.0245,1.0097,1.0101,274159.17
2018/07/20 14:00:00,1.0119,1.0121,0.99,0.9936,350638.36
2018/07/20 15:00:00,0.9933,1.007,0.9751,0.9832,356087.76
2018/07/20 16:00:00,0.9832,1.0056,0.9732,1.0048,410747.95
2018/07/20 17:00:00,1.0047,1.0186,0.9948,1.0186,320115.72
2018/07/20 18:00:00,1.0185,1.02,1.001,1.0015,172089.84
2018/07/20 19:00:00,1.0041,1.0165,1.0008,1.0147,235019.75
2018/07/20 20:00:00,1.0147,1.025,1.0105,1.0209,296909.71
2018/07/20 21:00:00,1.021,1.0331,1.001,1.006,211784.51
2018/07/20 22:00:00,1.0061,1.0112,0.9967,1.0024,225593.36
2018/07/20 23:00:00,1.0023,1.0142,0.9964,1.0045,236788.76
2018/07/21 00:00:00,1.0057,1.015,0.9918,0.9918,267168.17
2018/07/21 01:00:00,0.9919,1.045,0.987,0.9991,557992.08
2018/07/21 02:00:00,1.0017,1.0048,0.9669,0.968,463986.25
2018/07/21 03:00:00,0.9681,0.9963,0.96,0.986,266924.97
2018/07/21 04:00:00,0.9869,0.9901,0.9654,0.9788,180517.44
2018/07/21 05:00:00,0.9788,0.9798,0.9656,0.9658,124741.55
2018/07/21 06:00:00,0.9716,0.9728,0.9542,0.959,307591.42
2018/07/21 07:00:00,0.9588,0.9664,0.945,0.9659,377713.84
2018/07/21 08:00:00,0.9644,0.965,0.9595,0.9619,299060.38
2018/07/21 09:00:00,0.9619,0.9636,0.9428,0.947,303808.31
2018/07/21 10:00:00,0.945,0.9694,0.945,0.9658,186809.93
2018/07/21 11:00:00,0.966,0.9784,0.965,0.9687,196114.48
2018/07/21 12:00:00,0.9696,0.9755,0.9631,0.9703,172138.38
2018/07/21 13:00:00,0.9687,0.9783,0.96,0.9783,118276.57
2018/07/21 14:00:00,0.9781,0.988,0.9701,0.9856,266924.94
2018/07/21 15:00:00,0.9867,0.995,0.9827,0.9924,221048.18
2018/07/21 16:00:00,0.9913,0.9922,0.977,0.979,266126.3
2018/07/21 17:00:00,0.9791,0.9808,0.9631,0.9691,153273.77
2018/07/21 18:00:00,0.9692,0.9837,0.9691,0.978,293558.09
2018/07/21 19:00:00,0.9788,0.9924,0.9736,0.9882,221105.76
2018/07/21 20:00:00,0.988,0.9937,0.9782,0.9918,143900.46
2018/07/21 21:00:00,0.9918,0.994,0.985,0.9851,156410.56
2018/07/21 22:00:00,0.9899,1.0101,0.9878,1.0088,411353.94
2018/07/21 23:00:00,1.0089,1.0179,0.9981,1.0024,297117.99
2018/07/22 00:00:00,1.003,1.018,0.9984,1.0151,255664.59
2018/07/22 01:00:00,1.0147,1.0187,1.0,1.0094,185936.35
2018/07/22 02:00:00,1.0113,1.0183,1.0071,1.0152,214535.76
2018/07/22 03:00:00,1.0132,1.0227,1.005,1.0085,314421.76
2018/07/22 04:00:00,1.0145,1.0155,1.0013,1.0061,110497.15
2018/07/22 05:00:00,1.0086,1.0199,1.0077,1.0166,245867.18
2018/07/22 06:00:00,1.0166,1.0197,1.0057,1.0063,154452.35
2018/07/22 07:00:00,1.0072,1.0167,1.0062,1.013,205987.18
2018/07/22 08:00:00,1.0105,1.0145,0.9965,0.9974,200329.75
2018/07/22 09:00:00,0.9975,1.0099,0.9865,1.0075,173023.15
2018/07/22 10:00:00,1.0076,1.0127,1.0,1.0121,215716.04
2018/07/22 11:00:00,1.0115,1.015,1.0013,1.0023,223092.49
2018/07/22 12:00:00,1.0023,1.003,0.9909,0.9949,187886.91
2018/07/22 13:00:00,0.9949,0.9982,0.9846,0.9883,151606.1
2018/07/22 14:00:00,0.9886,0.9943,0.9873,0.9928,155862.41
2018/07/22 15:00:00,0.9927,0.9928,0.9835,0.9899,92344.86
2018/07/22 16:00:00,0.9861,0.99,0.9809,0.9891,187703.25
2018/07/22 17:00:00,0.9874,0.9981,0.9837,0.9981,85071.03
2018/07/22 18:00:00,0.9941,0.9979,0.9904,0.9957,168071.43
2018/07/22 19:00:00,0.9933,0.9982,0.9926,0.9978,123107.88
2018/07/22 20:00:00,0.9964,0.9978,0.9897,0.9923,148662.57
2018/07/22 21:00:00,0.9904,0.9943,0.9836,0.9869,232873.15
2018/07/22 22:00:00,0.9869,0.9969,0.9821,0.9925,177042.47
2018/07/22 23:00:00,0.9975,1.0039,0.9926,0.9982,219659.76
2018/07/23 00:00:00,0.9964,1.008,0.9906,1.0005,343679.68
2018/07/23 01:00:00,1.0005,1.011,0.9981,1.0009,404983.37
2018/07/23 02:00:00,1.0034,1.0063,0.9878,0.9946,384550.94
2018/07/23 03:00:00,0.9938,0.9954,0.9845,0.9864,297513.6
2018/07/23 04:00:00,0.9865,0.9917,0.982,0.9863,345540.61
2018/07/23 05:00:00,0.9863,0.9916,0.9834,0.9905,253831.42
2018/07/23 06:00:00,0.9906,0.999,0.9677,0.973,527008.33
2018/07/23 07:00:00,0.973,0.9859,0.9678,0.9799,264410.15
2018/07/23 08:00:00,0.9787,0.9832,0.9734,0.9777,226796.25
2018/07/23 09:00:00,0.9791,0.9957,0.9711,0.9902,252600.94
2018/07/23 10:00:00,0.9902,1.0058,0.9902,1.0009,224213.48
2018/07/23 11:00:00,1.0014,1.0122,0.9951,1.0025,220038.79
2018/07/23 12:00:00,1.0025,1.008,0.9965,1.0044,60467.77
2018/07/23 13:00:00,1.0014,1.01,1.0002,1.0085,113937.26
2018/07/23 14:00:00,1.0084,1.0088,0.9986,1.0039,65857.35
2018/07/23 15:00:00,1.0039,1.0059,0.998,1.0,77557.93
2018/07/23 16:00:00,1.002,1.0113,0.9945,0.9961,224107.1
2018/07/23 17:00:00,0.9961,0.9975,0.965,0.9804,434260.42
2018/07/23 18:00:00,0.98,0.9802,0.9671,0.9788,285950.65
2018/07/23 19:00:00,0.9775,0.9779,0.9651,0.9664,185191.3
2018/07/23 20:00:00,0.9664,0.9707,0.9536,0.9605,390681.66
2018/07/23 21:00:00,0.9613,0.965,0.9572,0.962,211704.22
2018/07/23 22:00:00,0.9623,0.9784,0.9623,0.9745,294922.16
2018/07/23 23:00:00,0.9745,0.979,0.967,0.968,320398.82
2018/07/24 00:00:00,0.968,0.9785,0.9611,0.9675,294474.66
2018/07/24 01:00:00,0.9675,0.969,0.952,0.9567,316530.61
2018/07/24 02:00:00,0.955,0.9671,0.9531,0.9554,224388.01
2018/07/24 03:00:00,0.9581,0.9714,0.945,0.9613,434975.39
2018/07/24 04:00:00,0.9613,0.9621,0.9472,0.9504,375063.35
2018/07/24 05:00:00,0.9504,0.9565,0.9423,0.9525,320600.78
2018/07/24 06:00:00,0.9507,0.9585,0.9493,0.9585,173019.94
2018/07/24 07:00:00,0.9585,0.9625,0.9495,0.9544,104889.63
2018/07/24 08:00:00,0.9544,0.9545,0.921,0.9295,508369.5
2018/07/24 09:00:00,0.9295,0.9351,0.91,0.9172,317657.76
2018/07/24 10:00:00,0.9203,0.9389,0.9182,0.937,275204.27
2018/07/24 11:00:00,0.9353,0.9444,0.9312,0.934,200259.66
2018/07/24 12:00:00,0.9322,0.9459,0.931,0.9329,223743.72
2018/07/24 13:00:00,0.9353,0.95,0.9219,0.9225,226662.54
2018/07/24 14:00:00,0.9243,0.9604,0.9169,0.9604,361949.46
2018/07/24 15:00:00,0.9574,0.982,0.9573,0.9655,535890.28
2018/07/24 16:00:00,0.9655,0.9845,0.9653,0.9698,269963.2
2018/07/24 17:00:00,0.9695,0.9764,0.955,0.9551,226209.08
2018/07/24 18:00:00,0.9591,0.97,0.9561,0.9675,195640.87
2018/07/24 19:00:00,0.9651,0.978,0.9604,0.9709,184661.32
2018/07/24 20:00:00,0.9716,0.9839,0.9651,0.9838,481691.37
2018/07/24 21:00:00,0.9793,0.9836,0.9551,0.9614,397909.2
2018/07/24 22:00:00,0.9614,0.998,0.9584,0.9913,818855.98
2018/07/24 23:00:00,0.9914,0.9999,0.974,0.9753,473973.89
2018/07/25 00:00:00,0.9753,0.9821,0.9728,0.9783,290995.0
2018/07/25 01:00:00,0.9766,0.9788,0.9678,0.9704,316135.51
2018/07/25 02:00:00,0.9732,1.0,0.9725,0.9845,341917.98
2018/07/25 03:00:00,0.9826,1.0,0.9794,0.9838,252717.5
2018/07/25 04:00:00,0.9871,0.9911,0.9705,0.9753,270976.33
2018/07/25 05:00:00,0.9727,0.98,0.9698,0.9742,140952.85
2018/07/25 06:00:00,0.9742,0.978,0.9701,0.9761,321702.81
2018/07/25 07:00:00,0.9761,0.9835,0.9713,0.9781,252764.43
2018/07/25 08:00:00,0.9805,0.9905,0.9781,0.9828,151295.77
2018/07/25 09:00:00,0.9794,1.0,0.9758,0.9865,272587.93
2018/07/25 10:00:00,0.9844,0.99,0.9808,0.989,212193.23
2018/07/25 11:00:00,0.9899,0.995,0.9842,0.988,230218.71
2018/07/25 12:00:00,0.9884,0.9913,0.982,0.9898,145778.45
2018/07/25 13:00:00,0.9899,1.0004,0.9821,1.0004,285932.38
2018/07/25 14:00:00,0.9973,1.0159,0.9941,1.0121,527503.92
2018/07/25 15:00:00,1.0121,1.016,0.9965,1.0069,372154.96
2018/07/25 16:00:00,1.0069,1.0141,0.997,1.0006,239669.21
2018/07/25 17:00:00,0.9977,1.0041,0.9845,0.9961,237267.22
2018/07/25 18:00:00,0.996,0.9961,0.9794,0.9884,288353.35
2018/07/25 19:00:00,0.9861,0.989,0.971,0.9862,366597.73
2018/07/25 20:00:00,0.9875,0.99,0.9772,0.9831,216585.29
2018/07/25 21:00:00,0.983,0.9849,0.9773,0.9806,132008.8
2018/07/25 22:00:00,0.982,0.9853,0.9705,0.9778,540531.02
2018/07/25 23:00:00,0.9795,0.9796,0.9632,0.973,621623.34
2018/07/26 00:00:00,0.9706,0.973,0.9586,0.9726,482427.32
2018/07/26 01:00:00,0.9714,0.9805,0.9653,0.9792,213766.54
2018/07/26 02:00:00,0.9791,0.9798,0.9717,0.9752,184780.51
2018/07/26 03:00:00,0.976,0.9778,0.9645,0.9701,240637.24
2018/07/26 04:00:00,0.9654,0.9848,0.9652,0.9821,230927.89
2018/07/26 05:00:00,0.9825,0.9946,0.9767,0.9933,316614.87
2018/07/26 06:00:00,0.9933,1.0004,0.9814,0.9963,544621.01
2018/07/26 07:00:00,0.9963,1.0028,0.9917,0.998,521490.88
2018/07/26 08:00:00,0.9994,1.0006,0.9828,0.986,178858.77
2018/07/26 09:00:00,0.9858,1.0015,0.9852,1.0013,235836.99
2018/07/26 10:00:00,1.0013,1.0013,0.992,0.9975,195447.2
2018/07/26 11:00:00,0.9965,0.9985,0.9899,0.9954,180867.5
2018/07/26 12:00:00,0.9963,1.0005,0.9897,0.999,187407.49
2018/07/26 13:00:00,1.0004,1.0023,0.9959,0.9999,162915.56
2018/07/26 14:00:00,0.9974,1.0021,0.9944,0.9997,156466.58
2018/07/26 15:00:00,0.9969,1.02,0.9961,1.0198,323236.94
2018/07/26 16:00:00,1.0197,1.04,1.0192,1.04,612778.25
2018/07/26 17:00:00,1.0399,1.0482,1.0242,1.0311,595316.76
2018/07/26 18:00:00,1.0325,1.0385,1.0282,1.0371,628534.21
2018/07/26 19:00:00,1.0372,1.0572,1.034,1.051,766681.01
2018/07/26 20:00:00,1.0516,1.0526,1.0302,1.0398,485535.64
2018/07/26 21:00:00,1.0379,1.0398,1.02,1.03,478253.76
2018/07/26 22:00:00,1.028,1.035,1.0201,1.0307,476257.83
2018/07/26 23:00:00,1.0274,1.041,1.0222,1.0384,503900.42
2018/07/27 00:00:00,1.04,1.0418,1.0237,1.036,403688.81
2018/07/27 01:00:00,1.037,1.0396,1.03,1.0373,516532.99
2018/07/27 02:00:00,1.0372,1.0479,1.0342,1.0423,626219.7
2018/07/27 03:00:00,1.0433,1.0445,1.0353,1.0363,581043.7
2018/07/27 04:00:00,1.0369,1.0631,1.0366,1.0567,699202.39
2018/07/27 05:00:00,1.0546,1.055,1.02,1.0299,712054.67
2018/07/27 06:00:00,1.0298,1.0313,0.9947,1.0187,1020667.16
2018/07/27 07:00:00,1.0139,1.0266,1.012,1.0157,1200238.96
2018/07/27 08:00:00,1.0157,1.0157,0.9968,1.0074,529865.56
2018/07/27 09:00:00,1.0055,1.0117,0.995,1.0049,422598.52
2018/07/27 10:00:00,1.005,1.0119,1.001,1.0047,526462.81
2018/07/27 11:00:00,1.0032,1.0161,1.0026,1.012,451263.7
2018/07/27 12:00:00,1.013,1.0338,1.0119,1.0293,608913.18
2018/07/27 13:00:00,1.0284,1.0367,1.02,1.026,489410.09
2018/07/27 14:00:00,1.0227,1.026,1.0118,1.0183,592585.04
2018/07/27 15:00:00,1.015,1.0185,1.0025,1.003,558620.3
2018/07/27 16:00:00,1.0051,1.0053,0.9912,0.9924,679895.33
2018/07/27 17:00:00,0.9925,1.007,0.9922,0.9975,508062.69
2018/07/27 18:00:00,0.9982,1.0048,0.991,0.9911,357459.84
2018/07/27 19:00:00,0.991,0.9912,0.9816,0.9844,539081.52
2018/07/27 20:00:00,0.9846,0.9864,0.9773,0.9847,747185.52
2018/07/27 21:00:00,0.9818,0.9845,0.97,0.9712,573881.36
2018/07/27 22:00:00,0.9728,0.9925,0.9718,0.9851,661766.76
2018/07/27 23:00:00,0.9855,0.992,0.9748,0.9748,662774.79
2018/07/28 00:00:00,0.9748,1.0111,0.9741,1.0067,606299.15
2018/07/28 01:00:00,1.0059,1.0272,1.0059,1.011,574186.06
2018/07/28 02:00:00,1.0121,1.0241,1.0082,1.0199,639181.87
2018/07/28 03:00:00,1.0193,1.026,1.018,1.0258,435334.77
2018/07/28 04:00:00,1.0242,1.0258,1.0022,1.0098,506687.89
2018/07/28 05:00:00,1.0133,1.014,1.0057,1.01,592592.6
2018/07/28 06:00:00,1.01,1.0217,1.0039,1.0176,419538.73
2018/07/28 07:00:00,1.0183,1.0222,1.0156,1.0195,496551.89
2018/07/28 08:00:00,1.0197,1.0225,1.0,1.0145,637677.03
2018/07/28 09:00:00,1.0145,1.0212,1.0129,1.0199,371956.7
2018/07/28 10:00:00,1.02,1.0294,1.0163,1.0254,636837.84
2018/07/28 11:00:00,1.0267,1.036,1.018,1.0314,516839.93
2018/07/28 12:00:00,1.0335,1.0358,1.0182,1.0242,558783.09
2018/07/28 13:00:00,1.0251,1.0276,1.0151,1.0195,474188.69
2018/07/28 14:00:00,1.0193,1.027,1.0165,1.0224,586588.61
2018/07/28 15:00:00,1.0248,1.0296,1.0221,1.0264,296116.51
2018/07/28 16:00:00,1.0254,1.0264,1.0195,1.0201,497679.24
2018/07/28 17:00:00,1.0205,1.0255,1.0201,1.0249,397778.57
2018/07/28 18:00:00,1.0249,1.0255,1.0118,1.0119,479627.62
2018/07/28 19:00:00,1.0121,1.0167,1.0074,1.0075,508487.91
2018/07/28 20:00:00,1.0106,1.0158,1.0038,1.0087,413331.62
2018/07/28 21:00:00,1.0134,1.0141,1.0082,1.0087,427905.52
2018/07/28 22:00:00,1.0087,1.0137,1.0051,1.0069,546209.16
2018/07/28 23:00:00,1.0078,1.01,1.0021,1.0063,447303.6
2018/07/29 00:00:00,1.006,1.014,0.996,1.0023,402658.01
2018/07/29 01:00:00,0.9996,1.02,0.9996,1.0129,348896.35
2018/07/29 02:00:00,1.016,1.0173,1.0074,1.0122,442420.58
2018/07/29 03:00:00,1.0122,1.0125,1.0042,1.0056,490642.01
2018/07/29 04:00:00,1.0056,1.0172,0.9971,1.0064,851631.6
2018/07/29 05:00:00,1.0074,1.02,1.002,1.0114,515147.22
2018/07/29 06:00:00,1.0113,1.0186,1.0,1.0184,693524.93
2018/07/29 07:00:00,1.0153,1.0276,1.0131,1.0201,821861.14
2018/07/29 08:00:00,1.02,1.032,1.0127,1.0285,709733.8
2018/07/29 09:00:00,1.0318,1.0392,1.025,1.0251,577214.33
2018/07/29 10:00:00,1.025,1.032,1.025,1.0302,441220.76
2018/07/29 11:00:00,1.0311,1.0343,1.0255,1.0294,480845.54
2018/07/29 12:00:00,1.0294,1.0297,1.025,1.0262,380428.2
2018/07/29 13:00:00,1.0262,1.0289,1.025,1.0251,349947.06
2018/07/29 14:00:00,1.0251,1.0299,1.0219,1.0219,203725.61
2018/07/29 15:00:00,1.0218,1.024,1.02,1.0221,525009.0
2018/07/29 16:00:00,1.021,1.0242,1.0164,1.0186,768863.21
2018/07/29 17:00:00,1.0185,1.0217,1.0143,1.0169,344285.64
2018/07/29 18:00:00,1.0175,1.0208,1.0151,1.0164,479154.87
2018/07/29 19:00:00,1.0153,1.0185,1.0101,1.0128,533472.5
2018/07/29 20:00:00,1.0133,1.018,1.0093,1.0176,339693.77
2018/07/29 21:00:00,1.0177,1.0249,1.0143,1.021,584294.86
2018/07/29 22:00:00,1.0212,1.0233,1.0191,1.0224,521834.41
2018/07/29 23:00:00,1.0224,1.0242,1.013,1.0186,398663.51
2018/07/30 00:00:00,1.0161,1.0212,1.0137,1.0201,502556.13
2018/07/30 01:00:00,1.0201,1.022,1.0143,1.0145,541208.68
2018/07/30 02:00:00,1.0156,1.0184,1.0146,1.0161,422950.92
2018/07/30 03:00:00,1.0159,1.0191,1.0133,1.0191,351530.57
2018/07/30 04:00:00,1.0155,1.0191,1.0111,1.0142,262782.56
2018/07/30 05:00:00,1.014,1.0181,1.0098,1.0104,532771.38
2018/07/30 06:00:00,1.0126,1.0135,1.006,1.0097,602745.79
2018/07/30 07:00:00,1.0097,1.0111,1.0055,1.0071,573430.44
2018/07/30 08:00:00,1.0071,1.019,1.006,1.0086,298386.96
2018/07/30 09:00:00,1.0086,1.0114,0.9975,1.0065,442950.78
2018/07/30 10:00:00,1.0065,1.0144,1.0004,1.0078,214505.51
2018/07/30 11:00:00,1.0078,1.0095,1.0,1.004,258054.44
2018/07/30 12:00:00,1.004,1.0045,0.9987,0.9999,373188.37
2018/07/30 13:00:00,0.9999,1.0029,0.9971,0.9992,678149.81
2018/07/30 14:00:00,0.9992,1.0028,0.997,0.9982,611953.09
2018/07/30 15:00:00,1.0009,1.0017,0.9957,0.9958,468780.55
2018/07/30 16:00:00,0.9975,0.9987,0.9904,0.9956,554554.85
2018/07/30 17:00:00,0.9979,1.0097,0.9965,0.9978,363820.26
2018/07/30 18:00:00,0.9988,0.9988,0.991,0.9962,502847.6
2018/07/30 19:00:00,0.9941,0.997,0.9859,0.9893,426643.14
2018/07/30 20:00:00,0.9925,0.9925,0.9835,0.988,417157.14
2018/07/30 21:00:00,0.988,0.9898,0.98,0.9827,498603.3
2018/07/30 22:00:00,0.9824,0.9865,0.98,0.9826,418940.22
2018/07/30 23:00:00,0.9826,0.9889,0.9811,0.9843,400974.85
2018/07/31 00:00:00,0.9841,0.9882,0.978,0.9796,523119.12
2018/07/31 01:00:00,0.9796,0.9835,0.9722,0.9774,563444.04
2018/07/31 02:00:00,0.9769,0.9774,0.95,0.9505,676555.91
2018/07/31 03:00:00,0.9513,0.9655,0.9465,0.959,490310.94
2018/07/31 04:00:00,0.9598,0.9846,0.9584,0.9773,375431.52
2018/07/31 05:00:00,0.9809,0.983,0.9664,0.979,310961.3
2018/07/31 06:00:00,0.9799,0.98,0.9709,0.9747,202233.46
2018/07/31 07:00:00,0.9747,0.98,0.9713,0.9738,220837.06
2018/07/31 08:00:00,0.9751,0.9816,0.9716,0.9733,344776.66
2018/07/31 09:00:00,0.9769,0.9779,0.9618,0.9634,129741.75
2018/07/31 10:00:00,0.9634,0.967,0.9578,0.9593,329930.45
2018/07/31 11:00:00,0.9595,0.964,0.955,0.955,575770.54
2018/07/31 12:00:00,0.9551,0.9588,0.9532,0.9536,328049.42
2018/07/31 13:00:00,0.9538,0.9673,0.95,0.9668,504091.77
2018/07/31 14:00:00,0.9672,0.9714,0.9616,0.9687,216029.28
2018/07/31 15:00:00,0.9687,0.969,0.9599,0.9602,458264.87
2018/07/31 16:00:00,0.9602,0.9735,0.9599,0.9733,380014.0
2018/07/31 17:00:00,0.9733,0.99,0.9701,0.9779,435240.47
2018/07/31 18:00:00,0.9739,0.9825,0.967,0.9681,451882.56
2018/07/31 19:00:00,0.9681,0.97,0.954,0.9601,599572.41
2018/07/31 20:00:00,0.9588,0.9688,0.954,0.954,709754.8
2018/07/31 21:00:00,0.954,0.96,0.9361,0.9437,520729.81
2018/07/31 22:00:00,0.9439,0.9499,0.9311,0.9312,418603.58
2018/07/31 23:00:00,0.9312,0.9499,0.9299,0.9444,618422.92
2018/08/01 00:00:00,0.9443,0.9459,0.9324,0.9397,338468.17
2018/08/01 01:00:00,0.942,0.9475,0.934,0.9456,483233.66
2018/08/01 02:00:00,0.9446,0.9492,0.933,0.9356,333199.43
2018/08/01 03:00:00,0.9348,0.9413,0.9272,0.9367,670302.42
2018/08/01 04:00:00,0.9367,0.9468,0.9325,0.9428,394939.67
2018/08/01 05:00:00,0.945,0.9466,0.9278,0.9316,464962.4
2018/08/01 06:00:00,0.9304,0.9368,0.9279,0.9301,584912.94
2018/08/01 07:00:00,0.9319,0.9366,0.926,0.9339,451878.36
2018/08/01 08:00:00,0.9332,0.9476,0.9241,0.9405,528129.75
2018/08/01 09:00:00,0.9432,0.9474,0.9309,0.9336,393999.53
2018/08/01 10:00:00,0.9346,0.9346,0.9168,0.9181,452516.03
2018/08/01 11:00:00,0.9163,0.9225,0.9111,0.9128,685545.82
2018/08/01 12:00:00,0.9138,0.9204,0.9079,0.9163,468896.56
2018/08/01 13:00:00,0.9163,0.9223,0.9104,0.9143,416896.26
2018/08/01 14:00:00,0.9143,0.9245,0.91,0.9215,436634.17
2018/08/01 15:00:00,0.9226,0.9352,0.9215,0.9297,441249.55
2018/08/01 16:00:00,0.9297,0.9317,0.9143,0.9222,505099.34
2018/08/01 17:00:00,0.9223,0.9425,0.9223,0.9371,483846.43
2018/08/01 18:00:00,0.9364,0.945,0.9341,0.9411,538021.39
2018/08/01 19:00:00,0.941,0.941,0.9281,0.9388,471078.45
2018/08/01 20:00:00,0.9388,0.94,0.9305,0.9344,296390.48
2018/08/01 21:00:00,0.9344,0.9409,0.925,0.9273,546164.59
2018/08/01 22:00:00,0.9282,0.9408,0.9274,0.9385,532266.51
2018/08/01 23:00:00,0.9386,0.9439,0.93,0.9302,397503.25
2018/08/02 00:00:00,0.9346,0.9378,0.93,0.9305,487680.68
2018/08/02 01:00:00,0.9306,0.9323,0.9211,0.9295,599656.44
2018/08/02 02:00:00,0.9303,0.9313,0.9167,0.9211,387943.92
2018/08/02 03:00:00,0.9193,0.925,0.9149,0.915,493259.4
2018/08/02 04:00:00,0.9165,0.9219,0.9149,0.9198,363552.24
2018/08/02 05:00:00,0.9175,0.922,0.9065,0.909,420854.83
2018/08/02 06:00:00,0.912,0.9127,0.9002,0.9028,619952.63
2018/08/02 07:00:00,0.9028,0.93,0.8942,0.9256,485397.83
2018/08/02 08:00:00,0.9246,0.9272,0.9174,0.9272,264088.07
2018/08/02 09:00:00,0.9271,0.9309,0.9229,0.9273,334701.01
2018/08/02 10:00:00,0.9289,0.9331,0.9205,0.928,487863.07
2018/08/02 11:00:00,0.9278,0.9333,0.925,0.929,524439.69
2018/08/02 12:00:00,0.929,0.9324,0.922,0.9228,610329.21
2018/08/02 13:00:00,0.9228,0.928,0.916,0.916,345137.57
2018/08/02 14:00:00,0.9176,0.9246,0.9094,0.9182,356824.81
2018/08/02 15:00:00,0.9182,0.9198,0.9104,0.9104,565699.21
2018/08/02 16:00:00,0.9123,0.9244,0.9105,0.9217,553533.47
2018/08/02 17:00:00,0.9217,0.9217,0.9075,0.914,317635.18
2018/08/02 18:00:00,0.9116,0.9218,0.9113,0.9127,413426.63
2018/08/02 19:00:00,0.913,0.9149,0.9029,0.903,470581.33
2018/08/02 20:00:00,0.9037,0.911,0.9016,0.9062,529511.96
2018/08/02 21:00:00,0.9056,0.9108,0.883,0.8911,468090.29
2018/08/02 22:00:00,0.8888,0.9026,0.885,0.89,423029.53
2018/08/02 23:00:00,0.89,0.8964,0.8827,0.8937,467737.47
2018/08/03 00:00:00,0.8929,0.8987,0.8854,0.8896,532227.05
2018/08/03 01:00:00,0.8879,0.903,0.8747,0.8984,465335.4
2018/08/03 02:00:00,0.8973,0.9,0.8834,0.8834,521053.78
2018/08/03 03:00:00,0.8872,0.8905,0.881,0.8841,448525.39
2018/08/03 04:00:00,0.883,0.8888,0.8803,0.8824,492002.84
2018/08/03 05:00:00,0.8824,0.8873,0.8807,0.883,569727.08
2018/08/03 06:00:00,0.8831,0.8901,0.882,0.8848,633372.09
2018/08/03 07:00:00,0.8856,0.8919,0.8824,0.8895,359159.46
2018/08/03 08:00:00,0.8895,0.8906,0.8837,0.8846,503203.1
2018/08/03 09:00:00,0.8846,0.8853,0.8116,0.8218,1214434.34
2018/08/03 10:00:00,0.8218,0.8249,0.8021,0.8194,647891.55
2018/08/03 11:00:00,0.8167,0.8212,0.8,0.8089,273862.49
2018/08/03 12:00:00,0.8089,0.8109,0.7986,0.7995,418796.5
2018/08/03 13:00:00,0.7995,0.9566,0.7782,0.9161,2598823.23
2018/08/03 14:00:00,0.9186,0.9849,0.9075,0.9495,2019698.24
2018/08/03 15:00:00,0.9463,0.9664,0.9285,0.9398,1043796.67
2018/08/03 16:00:00,0.9398,0.9415,0.8704,0.875,1031089.86
2018/08/03 17:00:00,0.8731,0.9063,0.8723,0.9038,756593.03
2018/08/03 18:00:00,0.9039,0.935,0.9012,0.9308,605231.54
2018/08/03 19:00:00,0.9327,0.9329,0.9001,0.9171,518715.33
2018/08/03 20:00:00,0.9169,0.918,0.89,0.8985,581320.57
2018/08/03 21:00:00,0.8985,0.9136,0.8884,0.9022,841116.58
2018/08/03 22:00:00,0.9011,0.912,0.8891,0.912,546504.97
2018/08/03 23:00:00,0.912,0.9306,0.91,0.9249,698885.79
2018/08/04 00:00:00,0.9255,0.9285,0.9171,0.9221,609264.97
2018/08/04 01:00:00,0.9221,0.9387,0.9219,0.9372,596417.24
2018/08/04 02:00:00,0.9387,0.96,0.9381,0.9585,886311.5
2018/08/04 03:00:00,0.9584,0.968,0.9473,0.948,697428.63
2018/08/04 04:00:00,0.9488,0.9499,0.9181,0.9295,760198.22
2018/08/04 05:00:00,0.9275,0.9409,0.9275,0.9326,532486.36
2018/08/04 06:00:00,0.9328,0.9567,0.9297,0.956,560224.91
2018/08/04 07:00:00,0.9539,0.9563,0.9452,0.9546,564267.56
2018/08/04 08:00:00,0.9545,0.9622,0.9393,0.9621,518688.38
2018/08/04 09:00:00,0.9597,0.9814,0.9558,0.9814,652165.33
2018/08/04 10:00:00,0.9814,0.9859,0.9682,0.9797,641648.34
2018/08/04 11:00:00,0.9791,0.998,0.9325,0.9345,842229.94
2018/08/04 12:00:00,0.934,0.9345,0.915,0.9222,556905.97
2018/08/04 13:00:00,0.922,0.9374,0.9166,0.9364,623926.28
2018/08/04 14:00:00,0.9365,0.9375,0.9172,0.9256,584606.38
2018/08/04 15:00:00,0.9254,0.9318,0.9067,0.9117,411796.1
2018/08/04 16:00:00,0.912,0.9235,0.9116,0.9199,352658.79
2018/08/04 17:00:00,0.9199,0.9214,0.909,0.9121,504546.26
2018/08/04 18:00:00,0.9132,0.9145,0.8971,0.9024,619429.71
2018/08/04 19:00:00,0.9031,0.9077,0.8898,0.8903,598508.64
2018/08/04 20:00:00,0.8912,0.8921,0.8784,0.8868,782766.56
2018/08/04 21:00:00,0.8868,0.8881,0.8581,0.8629,762295.81
2018/08/04 22:00:00,0.8625,0.8782,0.8591,0.8774,614521.9
2018/08/04 23:00:00,0.8774,0.8781,0.8501,0.8578,726614.1
2018/08/05 00:00:00,0.8577,0.8579,0.8382,0.8435,631931.18
2018/08/05 01:00:00,0.8435,0.8532,0.8366,0.8479,565278.43
2018/08/05 02:00:00,0.8477,0.8501,0.8312,0.8461,641631.01
2018/08/05 03:00:00,0.8462,0.8605,0.8455,0.8579,612333.8
2018/08/05 04:00:00,0.857,0.8631,0.8539,0.8596,668650.41
2018/08/05 05:00:00,0.8596,0.8596,0.8562,0.8569,498689.73
2018/08/05 06:00:00,0.8568,0.875,0.8524,0.8547,661358.18
2018/08/05 07:00:00,0.8547,0.8687,0.8545,0.864,404973.85
2018/08/05 08:00:00,0.864,0.8647,0.8526,0.8527,558685.01
2018/08/05 09:00:00,0.8527,0.861,0.8459,0.8467,523227.79
2018/08/05 10:00:00,0.8458,0.8925,0.8426,0.8811,662014.59
2018/08/05 11:00:00,0.8814,0.8926,0.8707,0.8766,544584.03
2018/08/05 12:00:00,0.8756,0.8802,0.8692,0.8767,460618.23
2018/08/05 13:00:00,0.8767,0.8774,0.8625,0.8639,346060.58
2018/08/05 14:00:00,0.8639,0.95,0.8612,0.9339,1280767.88
2018/08/05 15:00:00,0.9347,0.962,0.9284,0.9441,657614.14
2018/08/05 16:00:00,0.9442,0.945,0.9045,0.9073,613956.29
2018/08/05 17:00:00,0.9075,0.9254,0.9074,0.9077,544742.61
2018/08/05 18:00:00,0.9078,0.9293,0.9078,0.926,422784.82
2018/08/05 19:00:00,0.925,0.9399,0.9081,0.916,436422.29
2018/08/05 20:00:00,0.9148,0.9169,0.9078,0.9088,422829.83
2018/08/05 21:00:00,0.9088,0.9279,0.9065,0.9216,462632.92
2018/08/05 22:00:00,0.9226,0.9249,0.8941,0.8991,661894.94
2018/08/05 23:00:00,0.8994,0.9009,0.8859,0.8936,487088.91
2018/08/06 00:00:00,0.8947,0.9121,0.8904,0.9044,523732.12
2018/08/06 01:00:00,0.9044,0.913,0.9015,0.9068,591858.63
2018/08/06 02:00:00,0.906,0.914,0.8989,0.9081,541748.93
2018/08/06 03:00:00,0.9082,0.9172,0.9059,0.9121,471291.93
2018/08/06 04:00:00,0.9112,0.9166,0.9083,0.9135,533317.12
2018/08/06 05:00:00,0.9124,0.924,0.9055,0.9178,649024.02
2018/08/06 06:00:00,0.9182,0.9219,0.9131,0.9161,538395.1
2018/08/06 07:00:00,0.9147,0.9162,0.904,0.9069,380651.0
2018/08/06 08:00:00,0.9084,0.9104,0.9051,0.9051,402300.82
2018/08/06 09:00:00,0.9052,0.9127,0.904,0.9058,616031.91
2018/08/06 10:00:00,0.9048,0.9159,0.8981,0.912,639358.39
2018/08/06 11:00:00,0.9129,0.9173,0.912,0.9154,712428.76
2018/08/06 12:00:00,0.9154,0.9156,0.9004,0.907,748072.36
2018/08/06 13:00:00,0.9062,0.9274,0.9053,0.9093,1092046.33
2018/08/06 14:00:00,0.909,0.9128,0.8996,0.9066,495849.6
2018/08/06 15:00:00,0.9066,0.918,0.9065,0.9106,652859.01
2018/08/06 16:00:00,0.9106,0.9135,0.8901,0.8961,595910.85
2018/08/06 17:00:00,0.8961,0.8972,0.884,0.8881,549226.25
2018/08/06 18:00:00,0.8881,0.9,0.8866,0.8887,426328.51
2018/08/06 19:00:00,0.8887,0.8931,0.8742,0.8846,504147.19
2018/08/06 20:00:00,0.8826,0.888,0.8782,0.8859,613913.08
2018/08/06 21:00:00,0.885,0.8883,0.8777,0.8799,428565.9
2018/08/06 22:00:00,0.879,0.8799,0.871,0.8774,559938.36
2018/08/06 23:00:00,0.8754,0.8795,0.8728,0.8746,584411.18
2018/08/07 00:00:00,0.8765,0.894,0.8731,0.8901,578605.67
2018/08/07 01:00:00,0.8911,0.8911,0.856,0.8612,931454.74
2018/08/07 02:00:00,0.8631,0.8704,0.8611,0.8697,694846.9
2018/08/07 03:00:00,0.8681,0.8681,0.8618,0.8651,636363.7
2018/08/07 04:00:00,0.8656,0.8705,0.864,0.8681,512489.34
2018/08/07 05:00:00,0.8681,0.8755,0.8592,0.8601,402864.2
2018/08/07 06:00:00,0.8592,0.8618,0.839,0.8418,1086831.65
2018/08/07 07:00:00,0.8421,0.8458,0.835,0.8387,935899.65
2018/08/07 08:00:00,0.8366,0.8477,0.8188,0.8286,1170067.63
2018/08/07 09:00:00,0.8287,0.8436,0.8268,0.8372,942252.39
2018/08/07 10:00:00,0.8391,0.8438,0.8152,0.8219,639177.22
2018/08/07 11:00:00,0.822,0.8379,0.81,0.8342,817786.14
2018/08/07 12:00:00,0.8346,0.842,0.8179,0.8194,723355.8
2018/08/07 13:00:00,0.8188,0.8392,0.8179,0.833,728439.92
2018/08/07 14:00:00,0.833,0.8361,0.8216,0.8246,386642.33
2018/08/07 15:00:00,0.8241,0.8383,0.8238,0.8351,513328.38
2018/08/07 16:00:00,0.8352,0.85,0.8352,0.8404,592902.83
2018/08/07 17:00:00,0.84,0.8459,0.8335,0.8396,541374.09
2018/08/07 18:00:00,0.8396,0.8435,0.83,0.8435,657688.91
2018/08/07 19:00:00,0.843,0.8646,0.8424,0.856,907255.54
2018/08/07 20:00:00,0.8554,0.8621,0.8468,0.8588,629388.95
2018/08/07 21:00:00,0.8576,0.8592,0.8457,0.8574,682509.05
2018/08/07 22:00:00,0.8582,0.8592,0.834,0.8364,794466.33
2018/08/07 23:00:00,0.8352,0.8409,0.823,0.8323,875309.72
2018/08/08 00:00:00,0.833,0.8332,0.8008,0.8189,1109560.1
2018/08/08 01:00:00,0.8189,0.8274,0.8131,0.8221,659333.13
2018/08/08 02:00:00,0.8209,0.8238,0.815,0.8204,475958.97
2018/08/08 03:00:00,0.8204,0.8258,0.8146,0.8245,618677.96
2018/08/08 04:00:00,0.8241,0.8274,0.8022,0.8022,649854.82
2018/08/08 05:00:00,0.8036,0.8083,0.7872,0.7925,937856.76
2018/08/08 06:00:00,0.792,0.7921,0.7388,0.7432,1294026.99
2018/08/08 07:00:00,0.7443,0.7698,0.7443,0.76,971207.41
2018/08/08 08:00:00,0.7599,0.7633,0.745,0.76,543310.29
2018/08/08 09:00:00,0.7598,0.7604,0.73,0.7421,893947.71
2018/08/08 10:00:00,0.7421,0.7464,0.7371,0.7405,554562.77
2018/08/08 11:00:00,0.74,0.7438,0.73,0.7384,725497.17
2018/08/08 12:00:00,0.7378,0.7391,0.7298,0.7298,598822.54
2018/08/08 13:00:00,0.7303,0.7593,0.7131,0.7221,798981.56
2018/08/08 14:00:00,0.7221,0.7489,0.7051,0.7365,796366.09
2018/08/08 15:00:00,0.7386,0.7389,0.7243,0.733,459321.81
2018/08/08 16:00:00,0.7331,0.7349,0.7013,0.7013,575119.18
2018/08/08 17:00:00,0.7047,0.7171,0.7,0.7169,693554.87
2018/08/08 18:00:00,0.716,0.72,0.7021,0.705,642846.92
2018/08/08 19:00:00,0.7045,0.705,0.6851,0.6919,782568.45
2018/08/08 20:00:00,0.6919,0.7075,0.6894,0.6918,861128.03
2018/08/08 21:00:00,0.6922,0.7124,0.6839,0.687,747556.94
2018/08/08 22:00:00,0.6853,0.692,0.6444,0.6534,1053055.37
2018/08/08 23:00:00,0.6506,0.6583,0.633,0.649,1305074.78
2018/08/09 00:00:00,0.6504,0.67,0.6424,0.6457,1051481.67
2018/08/09 01:00:00,0.6457,0.65,0.6,0.6099,1713398.01
2018/08/09 02:00:00,0.6109,0.6248,0.603,0.6126,1309224.45
2018/08/09 03:00:00,0.6132,0.627,0.5948,0.6256,1317820.41
2018/08/09 04:00:00,0.6256,0.6414,0.6251,0.6331,1150878.57
2018/08/09 05:00:00,0.6331,0.6337,0.621,0.627,800095.81
2018/08/09 06:00:00,0.6275,0.6281,0.6025,0.6089,800239.33
2018/08/09 07:00:00,0.6104,0.6187,0.6,0.6038,493766.85
2018/08/09 08:00:00,0.6038,0.6198,0.6012,0.6151,897482.05
2018/08/09 09:00:00,0.6157,0.6318,0.6155,0.6262,770186.39
2018/08/09 10:00:00,0.6262,0.6573,0.6253,0.6548,669183.49
2018/08/09 11:00:00,0.6548,0.6555,0.6279,0.6425,781131.38
2018/08/09 12:00:00,0.6445,0.649,0.6236,0.6337,746155.51
2018/08/09 13:00:00,0.6337,0.636,0.626,0.6351,604203.17
2018/08/09 14:00:00,0.6351,0.65,0.6351,0.6453,807296.44
2018/08/09 15:00:00,0.644,0.659,0.6418,0.6478,849165.11
2018/08/09 16:00:00,0.6481,0.6506,0.6337,0.6367,808495.87
2018/08/09 17:00:00,0.6379,0.6426,0.62,0.6285,819943.96
2018/08/09 18:00:00,0.6285,0.6349,0.6245,0.6333,564615.18
2018/08/09 19:00:00,0.6345,0.6383,0.6265,0.6317,661225.07
2018/08/09 20:00:00,0.6332,0.6341,0.6232,0.6308,594165.8
2018/08/09 21:00:00,0.6313,0.6317,0.6039,0.613,859392.01
2018/08/09 22:00:00,0.6135,0.6388,0.5941,0.636,1420428.86
2018/08/09 23:00:00,0.6336,0.67,0.6323,0.67,1441533.42
2018/08/10 00:00:00,0.6685,0.6736,0.641,0.6586,1071243.53
2018/08/10 01:00:00,0.6587,0.6629,0.649,0.6546,800071.95
2018/08/10 02:00:00,0.6546,0.6578,0.6465,0.6537,586162.17
2018/08/10 03:00:00,0.6543,0.6558,0.6455,0.6504,808212.58
2018/08/10 04:00:00,0.651,0.665,0.6426,0.6444,886098.1
2018/08/10 05:00:00,0.6443,0.66,0.6419,0.6568,806905.82
2018/08/10 06:00:00,0.6572,0.67,0.6555,0.6594,1019056.34
2018/08/10 07:00:00,0.6594,0.6611,0.6514,0.6577,614691.9
2018/08/10 08:00:00,0.6571,0.6576,0.6324,0.636,922768.01
2018/08/10 09:00:00,0.636,0.6478,0.636,0.6425,583522.81
2018/08/10 10:00:00,0.6433,0.646,0.634,0.6366,566424.07
2018/08/10 11:00:00,0.6358,0.6358,0.626,0.6302,687939.57
2018/08/10 12:00:00,0.6302,0.6336,0.6285,0.6317,699747.24
2018/08/10 13:00:00,0.6305,0.6322,0.6202,0.6275,836001.22
2018/08/10 14:00:00,0.6275,0.6323,0.6208,0.6276,592545.39
2018/08/10 15:00:00,0.6276,0.6394,0.627,0.635,726499.29
2018/08/10 16:00:00,0.6358,0.6402,0.6349,0.6386,623798.19
2018/08/10 17:00:00,0.6399,0.6403,0.621,0.6229,684566.93
2018/08/10 18:00:00,0.6229,0.6242,0.6005,0.6057,965624.19
2018/08/10 19:00:00,0.6055,0.612,0.6031,0.6065,655506.92
2018/08/10 20:00:00,0.607,0.6083,0.5874,0.5945,934506.3
2018/08/10 21:00:00,0.595,0.6222,0.592,0.6173,909624.39
2018/08/10 22:00:00,0.6164,0.6177,0.5973,0.601,1374480.0
2018/08/10 23:00:00,0.6008,0.6053,0.592,0.602,903466.75
2018/08/11 00:00:00,0.6031,0.622,0.6023,0.6057,1117382.17
2018/08/11 01:00:00,0.6058,0.6082,0.595,0.5957,549460.05
2018/08/11 02:00:00,0.5967,0.6055,0.5932,0.5995,705904.59
2018/08/11 03:00:00,0.599,0.6012,0.5888,0.5987,685659.59
2018/08/11 04:00:00,0.5988,0.5995,0.59,0.5935,700863.66
2018/08/11 05:00:00,0.5914,0.595,0.5695,0.5746,941975.1
2018/08/11 06:00:00,0.5734,0.577,0.5508,0.5538,1318462.27
2018/08/11 07:00:00,0.5537,0.5635,0.5447,0.5567,849193.12
2018/08/11 08:00:00,0.5558,0.5825,0.555,0.5732,904848.1
2018/08/11 09:00:00,0.5733,0.5764,0.5448,0.5514,886044.71
2018/08/11 10:00:00,0.5514,0.568,0.5422,0.5494,874630.53
2018/08/11 11:00:00,0.5494,0.5516,0.5324,0.5435,1095198.21
2018/08/11 12:00:00,0.5425,0.5436,0.5231,0.5256,707556.08
2018/08/11 13:00:00,0.5254,0.5525,0.5254,0.53,707980.28
2018/08/11 14:00:00,0.5323,0.5335,0.5172,0.5254,775197.29
2018/08/11 15:00:00,0.5262,0.529,0.5159,0.5179,638190.54
2018/08/11 16:00:00,0.5183,0.5227,0.5121,0.5213,841585.53
2018/08/11 17:00:00,0.5213,0.5306,0.5195,0.523,873078.09
2018/08/11 18:00:00,0.5229,0.5252,0.518,0.5238,851148.11
2018/08/11 19:00:00,0.5237,0.5252,0.5136,0.5196,1156599.52
2018/08/11 20:00:00,0.519,0.5204,0.5016,0.5071,1431339.19
2018/08/11 21:00:00,0.5072,0.5194,0.502,0.51,926988.75
2018/08/11 22:00:00,0.5095,0.5176,0.5066,0.5112,619535.35
2018/08/11 23:00:00,0.5105,0.5175,0.5091,0.514,623875.7
2018/08/12 00:00:00,0.514,0.5199,0.5097,0.5133,867863.5
2018/08/12 01:00:00,0.5132,0.5159,0.5034,0.505,839532.57
2018/08/12 02:00:00,0.5051,0.5499,0.505,0.5462,1264304.38
2018/08/12 03:00:00,0.5463,0.5503,0.5341,0.538,898600.7
2018/08/12 04:00:00,0.5393,0.5416,0.5345,0.5384,569628.13
2018/08/12 05:00:00,0.5383,0.5385,0.5251,0.534,729219.76
2018/08/12 06:00:00,0.5348,0.546,0.5295,0.5382,858912.61
2018/08/12 07:00:00,0.53950000,0.54460000,0.53820000,0.54170000,741006.79000000
2018/08/12 08:00:00,0.54180000,0.55080000,0.51500000,0.51970000,775093.78000000
2018/08/12 09:00:00,0.51970000,0.53960000,0.51170000,0.53360000,674541.46000000
2018/08/12 10:00:00,0.53430000,0.53600000,0.52430000,0.53050000,385514.74000000
2018/08/12 11:00:00,0.53150000,0.53800000,0.53130000,0.53490000,535183.52000000
2018/08/12 12:00:00,0.53490000,0.53780000,0.52880000,0.53310000,653980.76000000
2018/08/12 13:00:00,0.53310000,0.53310000,0.52320000,0.52620000,686819.60000000
2018/08/12 14:00:00,0.52620000,0.54380000,0.52620000,0.54080000,521633.68000000
2018/08/12 15:00:00,0.54020000,0.54930000,0.53740000,0.53910000,581390.09000000
2018/08/12 16:00:00,0.53990000,0.54220000,0.53470000,0.53830000,650235.68000000
2018/08/12 17:00:00,0.53890000,0.53950000,0.53060000,0.53270000,565933.73000000
2018/08/12 18:00:00,0.53210000,0.53970000,0.53020000,0.53870000,624853.04000000
2018/08/12 19:00:00,0.53870000,0.54340000,0.53630000,0.54070000,701522.27000000
2018/08/12 20:00:00,0.54070000,0.54520000,0.53440000,0.54510000,742418.69000000
2018/08/12 21:00:00,0.54430000,0.54600000,0.53120000,0.53590000,779479.76000000
2018/08/12 22:00:00,0.53530000,0.53860000,0.53260000,0.53710000,588564.86000000
2018/08/12 23:00:00,0.53780000,0.54540000,0.53710000,0.54180000,733980.11000000
2018/08/13 00:00:00,0.54130000,0.55430000,0.53670000,0.54720000,1001395.21000000
