년/월/일,종가,대비,거래량(주),거래대금(원),시가,고가,저가,시가총액(백만),상장주식수(주)
2018-06-05,"27,300",350,"911,917","24,982,061,450","27,150","27,750","26,850","5,840,576","213,940,500"
2018-06-04,"26,950",-50,"307,710","8,225,680,350","27,000","27,000","26,500","5,765,696","213,940,500"
2018-06-01,"27,000",150,"226,810","6,124,201,250","26,800","27,150","26,800","5,776,394","213,940,500"
2018-05-31,"26,850",50,"731,383","19,666,429,750","26,800","27,150","26,700","5,744,302","213,940,500"
2018-05-30,"26,800",-100,"443,841","11,864,901,900","26,800","27,250","26,500","5,733,605","213,940,500"
2018-05-29,"26,900",-100,"233,730","6,294,613,450","27,000","27,100","26,850","5,754,999","213,940,500"
2018-05-28,"27,000",-500,"351,817","9,520,064,200","27,500","27,600","26,950","5,776,394","213,940,500"
2018-05-25,"27,500",-100,"244,690","6,728,453,400","27,800","27,900","27,300","5,883,364","213,940,500"
2018-05-24,"27,600",150,"286,210","7,887,121,400","27,400","27,800","27,400","5,904,758","213,940,500"
2018-05-23,"27,450",-500,"426,265","11,766,210,150","27,700","27,900","27,450","5,872,667","213,940,500"
2018-05-21,"27,950",-200,"166,919","4,684,476,650","28,200","28,300","27,950","5,979,637","213,940,500"
2018-05-18,"28,150",200,"405,153","11,337,627,150","27,950","28,150","27,700","6,022,425","213,940,500"
2018-05-17,"27,950",350,"403,061","11,191,226,700","27,500","28,050","27,300","5,979,637","213,940,500"
2018-05-16,"27,600",-350,"431,546","11,917,868,750","28,000","28,050","27,500","5,904,758","213,940,500"
2018-05-15,"27,950",0,"393,840","10,994,481,650","27,900","28,100","27,750","5,979,637","213,940,500"
2018-05-14,"27,950",-700,"627,120","17,523,970,650","28,650","28,750","27,600","5,979,637","213,940,500"
2018-05-11,"28,650",0,"374,550","10,700,522,400","28,150","28,800","28,000","6,129,395","213,940,500"
2018-05-10,"28,650",0,"565,948","16,059,770,850","28,550","28,900","28,000","6,129,395","213,940,500"
2018-05-09,"28,650",-350,"270,384","7,777,606,450","29,200","29,200","28,500","6,129,395","213,940,500"
2018-05-08,"29,000",-50,"468,307","13,709,280,350","29,200","29,650","28,900","6,204,274","213,940,500"
2018-05-04,"29,050",-100,"567,701","16,483,077,750","29,150","29,200","28,650","6,214,972","213,940,500"
2018-05-03,"29,150",-100,"617,097","18,100,575,700","29,500","29,550","28,950","6,236,366","213,940,500"
2018-05-02,"29,250",350,"455,852","13,304,225,300","29,250","29,650","28,950","6,257,760","213,940,500"
2018-04-30,"28,900",-50,"295,825","8,522,040,550","28,800","29,050","28,550","6,182,880","213,940,500"
2018-04-27,"28,950",-50,"456,344","13,185,313,925","28,900","29,350","28,650","6,193,577","213,940,500"
2018-04-26,"29,000",-450,"575,419","16,898,906,950","29,750","30,000","28,900","6,204,274","213,940,500"
2018-04-25,"29,450",-100,"582,024","17,015,931,900","29,600","29,600","29,000","6,300,548","213,940,500"
2018-04-24,"29,550",800,"1,050,907","31,193,399,050","29,250","30,100","28,950","6,321,942","213,940,500"
2018-04-23,"28,750",0,"1,913,266","54,908,518,200","28,800","29,150","28,350","6,150,789","213,940,500"
2018-04-20,"28,750","1,150","1,890,896","54,257,118,950","28,000","28,950","28,000","6,150,789","213,940,500"
2018-04-19,"27,600",-200,"628,264","17,320,128,800","27,700","28,000","27,300","5,904,758","213,940,500"
2018-04-18,"27,800",700,"1,257,719","34,888,994,530","27,250","27,950","27,200","5,947,546","213,940,500"
2018-04-17,"27,100",650,"1,837,989","49,554,711,463","26,550","27,300","26,550","5,797,788","213,940,500"
2018-04-16,"26,450",350,"1,368,686","36,140,370,750","26,100","26,550","26,050","5,658,726","213,940,500"
2018-04-13,"26,100",-750,"1,503,329","39,249,188,400","26,800","26,850","25,750","5,583,847","213,940,500"
2018-04-12,"26,850",-350,"616,156","16,640,684,800","27,150","27,250","26,850","5,744,302","213,940,500"
2018-04-11,"27,200",-200,"440,256","11,982,921,800","27,250","27,400","27,150","5,819,182","213,940,500"
2018-04-10,"27,400",-200,"515,497","14,118,027,400","27,400","27,600","27,250","5,861,970","213,940,500"
2018-04-09,"27,600",-300,"428,194","11,853,502,650","27,550","27,850","27,550","5,904,758","213,940,500"
2018-04-06,"27,900",-300,"314,119","8,751,747,500","28,250","28,250","27,700","5,968,940","213,940,500"
2018-04-05,"28,200",-250,"291,595","8,251,047,650","28,600","28,800","28,100","6,033,122","213,940,500"
2018-04-04,"28,450",100,"825,745","23,626,335,400","28,350","28,850","28,350","6,086,607","213,940,500"
2018-04-03,"28,350",-150,"420,610","11,895,303,950","28,050","28,500","28,000","6,065,213","213,940,500"
2018-04-02,"28,500",300,"454,828","13,038,137,150","28,550","28,850","28,500","6,097,304","213,940,500"
2018-03-30,"28,200",950,"487,873","13,673,562,850","27,500","28,300","27,200","6,033,122","213,940,500"
2018-03-29,"27,250",-400,"415,710","11,284,910,450","27,500","27,600","26,900","5,829,879","213,940,500"
2018-03-28,"27,650",100,"207,976","5,748,738,500","27,300","27,750","27,300","5,915,455","213,940,500"
2018-03-27,"27,550",200,"324,619","8,954,464,950","27,400","27,800","27,350","5,894,061","213,940,500"
2018-03-26,"27,350",-50,"282,002","7,697,243,150","27,400","27,550","27,100","5,851,273","213,940,500"
2018-03-23,"27,400","-1,000","547,057","15,141,560,050","28,100","28,150","27,250","5,861,970","213,940,500"
2018-03-22,"28,400",100,"374,674","10,695,787,100","28,400","28,950","28,300","6,075,910","213,940,500"
2018-03-21,"28,300",400,"450,313","12,758,563,750","27,900","28,600","27,900","6,054,516","213,940,500"
2018-03-20,"27,900",-50,"289,716","8,067,849,850","27,800","27,950","27,700","5,968,940","213,940,500"
2018-03-19,"27,950",-100,"460,752","12,892,162,400","28,150","28,200","27,850","5,979,637","213,940,500"
2018-03-16,"28,050",-450,"733,383","20,716,845,200","28,250","28,750","28,050","6,001,031","213,940,500"
2018-03-15,"28,500",100,"385,737","10,979,447,550","28,500","28,700","28,200","6,097,304","213,940,500"
2018-03-14,"28,400",-50,"254,157","7,211,772,400","28,300","28,550","28,100","6,075,910","213,940,500"
2018-03-13,"28,450",-350,"360,628","10,275,119,400","28,550","28,800","28,350","6,086,607","213,940,500"
2018-03-12,"28,800",-400,"452,082","13,081,040,950","29,500","29,550","28,750","6,161,486","213,940,500"
2018-03-09,"29,200",250,"448,959","13,098,944,650","29,000","29,400","28,800","6,247,063","213,940,500"
2018-03-08,"28,950",200,"496,873","14,343,568,350","28,950","29,050","28,700","6,193,577","213,940,500"
2018-03-07,"28,750",50,"355,051","10,188,477,550","28,450","29,000","28,400","6,150,789","213,940,500"
2018-03-06,"28,700",650,"384,809","10,997,916,700","28,300","28,900","28,200","6,140,092","213,940,500"
2018-03-05,"28,050",-350,"274,231","7,736,143,700","28,200","28,600","28,000","6,001,031","213,940,500"
2018-03-02,"28,400",-450,"510,322","14,529,976,350","28,900","28,950","28,300","6,075,910","213,940,500"
2018-02-28,"28,850",-500,"983,630","28,494,612,500","29,300","29,350","28,800","6,172,183","213,940,500"
2018-02-27,"29,350",100,"379,619","11,166,913,100","29,300","29,650","29,250","6,279,154","213,940,500"
2018-02-26,"29,250",200,"311,002","9,081,342,800","29,150","29,350","29,050","6,257,760","213,940,500"
2018-02-23,"29,050",-200,"377,478","10,957,777,950","29,350","29,400","28,800","6,214,972","213,940,500"
2018-02-22,"29,250",-300,"372,145","10,866,480,350","29,300","29,350","29,050","6,257,760","213,940,500"
2018-02-21,"29,550",-50,"237,744","7,025,939,800","29,800","29,850","29,250","6,321,942","213,940,500"
2018-02-20,"29,600",-450,"374,890","11,202,091,875","30,050","30,100","29,550","6,332,639","213,940,500"
2018-02-19,"30,050",350,"215,203","6,445,011,850","30,100","30,150","29,700","6,428,912","213,940,500"
2018-02-14,"29,700",200,"312,909","9,292,011,450","29,500","29,950","29,450","6,354,033","213,940,500"
2018-02-13,"29,500",-350,"1,027,073","30,214,838,100","29,850","29,900","28,800","6,311,245","213,940,500"
2018-02-12,"29,850",0,"586,250","17,584,315,450","29,850","30,300","29,850","6,386,124","213,940,500"
2018-02-09,"29,850","-1,550","781,360","23,582,547,550","30,700","31,000","29,850","6,386,124","213,940,500"
2018-02-08,"31,400",-50,"366,733","11,544,398,050","31,400","31,800","31,200","6,717,732","213,940,500"
2018-02-07,"31,450",-400,"367,335","11,711,703,700","31,850","32,300","31,350","6,728,429","213,940,500"
2018-02-06,"31,850",-350,"432,814","13,732,197,200","31,750","32,000","31,400","6,814,005","213,940,500"
2018-02-05,"32,200","-1,200","351,828","11,449,000,550","33,450","33,450","32,150","6,888,884","213,940,500"
2018-02-02,"33,400",200,"417,524","13,830,747,300","33,350","33,500","32,850","7,145,613","213,940,500"
2018-02-01,"33,200",750,"378,813","12,531,304,500","32,350","33,600","32,350","7,102,825","213,940,500"
2018-01-31,"32,450",-300,"373,857","12,090,280,950","32,700","32,700","31,600","6,942,369","213,940,500"
2018-01-30,"32,750",-650,"335,889","11,065,734,200","33,550","33,600","32,750","7,006,551","213,940,500"
2018-01-29,"33,400",350,"343,527","11,454,495,900","33,050","33,650","32,950","7,145,613","213,940,500"
2018-01-26,"33,050",200,"277,342","9,145,715,900","32,850","33,150","32,700","7,070,734","213,940,500"
2018-01-25,"32,850",0,"335,424","10,987,802,600","32,950","32,950","32,600","7,027,945","213,940,500"
2018-01-24,"32,850",-50,"373,950","12,331,038,000","32,950","33,350","32,750","7,027,945","213,940,500"
2018-01-23,"32,900",600,"374,516","12,225,643,700","32,350","32,900","32,250","7,038,642","213,940,500"
2018-01-22,"32,300",-50,"355,848","11,467,329,700","32,600","32,700","32,000","6,910,278","213,940,500"
2018-01-19,"32,350",500,"263,903","8,501,717,750","32,000","32,350","31,900","6,920,975","213,940,500"
2018-01-18,"31,850",-700,"356,994","11,451,828,750","32,650","32,700","31,800","6,814,005","213,940,500"
2018-01-17,"32,550",850,"617,153","19,943,256,700","31,900","32,600","31,650","6,963,763","213,940,500"
2018-01-16,"31,700",450,"262,555","8,301,560,150","31,250","31,750","31,250","6,781,914","213,940,500"
2018-01-15,"31,250",-150,"236,996","7,416,878,100","31,350","31,500","31,200","6,685,641","213,940,500"
2018-01-12,"31,400",200,"304,112","9,540,788,200","31,150","31,500","31,100","6,717,732","213,940,500"
2018-01-11,"31,200",-450,"448,111","14,042,451,500","31,800","31,800","31,200","6,674,944","213,940,500"
2018-01-10,"31,650",-100,"512,549","16,258,076,900","31,950","31,950","31,500","6,771,217","213,940,500"
2018-01-09,"31,750",200,"423,120","13,384,524,650","31,500","31,800","31,250","6,792,611","213,940,500"
2018-01-08,"31,550",350,"469,383","14,781,181,050","31,350","31,750","31,300","6,749,823","213,940,500"
2018-01-05,"31,200",-550,"763,308","23,813,343,550","31,750","31,850","30,900","6,674,944","213,940,500"
2018-01-04,"31,750",-200,"630,223","20,100,498,350","32,250","32,250","31,750","6,792,611","213,940,500"
2018-01-03,"31,950",-100,"922,887","29,542,641,050","31,800","32,350","31,550","6,835,399","213,940,500"
2018-01-02,"32,050","-2,750","2,012,609","63,343,872,100","31,950","32,400","30,850","6,856,793","213,940,500"
2017-12-28,"34,800",500,"284,580","9,857,002,948","34,400","34,850","34,250","7,445,129","213,940,500"
2017-12-27,"34,300",-600,"418,422","14,304,089,150","34,500","34,700","33,500","7,338,159","213,940,500"
2017-12-26,"34,900",250,"492,858","17,182,753,800","34,650","35,000","34,650","7,466,523","213,940,500"
2017-12-22,"34,650",-200,"406,974","14,118,673,700","34,950","34,950","34,550","7,413,038","213,940,500"
2017-12-21,"34,850",-150,"361,388","12,609,640,045","34,750","35,050","34,750","7,455,826","213,940,500"
2017-12-20,"35,000",-50,"388,044","13,578,001,850","34,900","35,250","34,800","7,487,918","213,940,500"
2017-12-19,"35,050","-1,000","727,128","25,572,204,650","36,100","36,100","34,900","7,498,615","213,940,500"
2017-12-18,"36,050",-700,"596,926","21,382,024,250","36,450","36,800","35,300","7,712,555","213,940,500"
2017-12-15,"36,750","-1,350","702,129","26,086,144,500","38,200","38,850","36,600","7,862,313","213,940,500"
2017-12-14,"38,100",150,"862,140","33,270,719,600","38,000","39,550","37,850","8,151,133","213,940,500"
2017-12-13,"37,950","1,000","297,400","11,213,734,850","36,900","37,950","36,900","8,119,042","213,940,500"
2017-12-12,"36,950",0,"156,683","5,783,470,750","36,400","37,150","36,350","7,905,101","213,940,500"
2017-12-11,"36,950",300,"169,721","6,279,923,600","36,250","37,300","36,250","7,905,101","213,940,500"
2017-12-08,"36,650","-1,250","302,300","11,159,000,350","37,950","38,000","36,500","7,840,919","213,940,500"
2017-12-07,"37,900",300,"299,655","11,341,191,300","37,900","37,950","37,700","8,108,345","213,940,500"
2017-12-06,"37,600",-50,"256,703","9,669,610,250","37,900","38,000","37,200","8,044,163","213,940,500"
2017-12-05,"37,650",400,"250,320","9,410,222,300","37,100","37,800","37,100","8,054,860","213,940,500"
2017-12-04,"37,250",550,"163,584","6,091,447,100","37,300","37,400","36,900","7,969,284","213,940,500"
2017-12-01,"36,700",-450,"167,567","6,204,346,000","37,150","37,500","36,650","7,851,616","213,940,500"
2017-11-30,"37,150",-200,"777,580","29,034,410,050","37,950","38,000","37,150","7,947,890","213,940,500"
2017-11-29,"37,350",200,"240,455","9,010,362,900","37,350","37,850","37,000","7,990,678","213,940,500"
2017-11-28,"37,150",350,"321,277","11,940,496,150","36,950","37,500","36,750","7,947,890","213,940,500"
2017-11-27,"36,800",-700,"310,721","11,487,828,550","37,400","37,850","36,650","7,873,010","213,940,500"
2017-11-24,"37,500",-450,"119,674","4,498,699,400","37,950","37,950","37,450","8,022,769","213,940,500"
2017-11-23,"37,950",750,"311,630","11,739,567,250","37,050","38,050","37,000","8,119,042","213,940,500"
2017-11-22,"37,200",-500,"255,709","9,550,267,400","37,650","37,750","37,200","7,958,587","213,940,500"
2017-11-21,"37,700",-350,"348,382","13,163,416,600","37,950","38,050","37,500","8,065,557","213,940,500"
2017-11-20,"38,050",50,"301,818","11,464,163,250","37,700","38,200","37,600","8,140,436","213,940,500"
2017-11-17,"38,000",-200,"454,906","17,196,268,200","38,000","38,200","37,500","8,129,739","213,940,500"
2017-11-16,"38,200",250,"407,952","15,416,129,950","38,100","38,200","37,050","8,172,527","213,940,500"
2017-11-15,"37,950",350,"514,554","19,514,792,000","37,600","38,150","37,450","8,119,042","213,940,500"
2017-11-14,"37,600","1,900","831,991","30,737,303,000","35,750","37,600","35,450","8,044,163","213,940,500"
2017-11-13,"35,700",-200,"227,190","8,135,440,400","36,000","36,400","35,600","7,637,676","213,940,500"
2017-11-10,"35,900",100,"624,779","22,547,093,600","36,250","36,700","35,600","7,680,464","213,940,500"
2017-11-09,"35,800","1,150","764,273","27,143,641,850","34,800","36,000","34,650","7,659,070","213,940,500"
2017-11-08,"34,650",100,"198,360","6,840,874,450","34,350","34,700","34,200","7,413,038","213,940,500"
2017-11-07,"34,550",200,"240,035","8,303,134,250","34,100","34,800","34,100","7,391,644","213,940,500"
2017-11-06,"34,350",-150,"176,655","6,071,648,300","34,500","34,700","34,200","7,348,856","213,940,500"
2017-11-03,"34,500",350,"211,972","7,293,187,600","34,350","34,500","34,200","7,380,947","213,940,500"
2017-11-02,"34,150",50,"187,676","6,386,729,150","34,000","34,150","33,900","7,306,068","213,940,500"
2017-11-01,"34,100",-200,"230,214","7,836,627,900","34,000","34,350","33,950","7,295,371","213,940,500"
2017-10-31,"34,300",150,"279,068","9,556,619,350","34,000","34,450","34,000","7,338,159","213,940,500"
2017-10-30,"34,150",-50,"264,069","9,066,241,650","34,500","34,650","34,100","7,306,068","213,940,500"
2017-10-27,"34,200",350,"342,397","11,722,208,900","33,900","34,350","33,900","7,316,765","213,940,500"
2017-10-26,"33,850",50,"384,217","13,009,059,950","33,700","34,100","33,650","7,241,886","213,940,500"
2017-10-25,"33,800",-300,"328,611","11,128,720,890","33,800","34,150","33,800","7,231,189","213,940,500"
2017-10-24,"34,100",200,"190,669","6,487,660,300","33,900","34,200","33,850","7,295,371","213,940,500"
2017-10-23,"33,900",-350,"207,053","7,030,505,950","34,100","34,250","33,800","7,252,583","213,940,500"
2017-10-20,"34,250",-100,"174,314","5,970,553,850","34,400","34,650","34,050","7,327,462","213,940,500"
2017-10-19,"34,350",500,"313,710","10,813,386,750","34,000","34,750","34,000","7,348,856","213,940,500"
2017-10-18,"33,850",-200,"215,024","7,300,731,850","34,050","34,300","33,800","7,241,886","213,940,500"
2017-10-17,"34,050",-700,"216,533","7,408,865,550","34,600","34,800","34,000","7,284,674","213,940,500"
2017-10-16,"34,750",500,"195,889","6,763,185,600","34,250","34,800","33,900","7,434,432","213,940,500"
2017-10-13,"34,250",100,"155,230","5,312,822,900","34,150","34,400","34,100","7,327,462","213,940,500"
2017-10-12,"34,150",100,"301,349","10,274,191,800","33,850","34,300","33,850","7,306,068","213,940,500"
2017-10-11,"34,050",-700,"480,135","16,318,001,900","34,300","34,400","33,750","7,284,674","213,940,500"
2017-10-10,"34,750",-250,"446,804","15,539,016,050","34,800","35,150","34,500","7,434,432","213,940,500"
2017-09-29,"35,000",300,"194,685","6,766,330,650","34,950","35,000","34,500","7,487,918","213,940,500"
2017-09-28,"34,700",0,"307,132","10,603,193,200","34,250","34,800","34,100","7,423,735","213,940,500"
2017-09-27,"34,700",100,"126,850","4,380,801,050","34,400","34,750","34,200","7,423,735","213,940,500"
2017-09-26,"34,600",500,"228,251","7,875,212,600","34,650","34,800","34,050","7,402,341","213,940,500"
2017-09-25,"34,100",-300,"138,033","4,708,840,950","34,600","34,600","34,050","7,295,371","213,940,500"
2017-09-22,"34,400",0,"213,486","7,323,743,200","34,050","34,650","34,000","7,359,553","213,940,500"
2017-09-21,"34,400",-650,"289,023","9,986,980,550","34,800","35,050","34,400","7,359,553","213,940,500"
2017-09-20,"35,050",200,"181,774","6,359,913,650","35,000","35,200","34,700","7,498,615","213,940,500"
2017-09-19,"34,850",-800,"335,101","11,695,908,920","35,300","35,350","34,600","7,455,826","213,940,500"
2017-09-18,"35,650",-50,"161,324","5,722,966,250","35,150","35,900","35,150","7,626,979","213,940,500"
2017-09-15,"35,700",200,"179,081","6,365,396,750","35,500","35,700","35,150","7,637,676","213,940,500"
2017-09-14,"35,500",650,"357,118","12,622,841,150","34,850","35,550","34,850","7,594,888","213,940,500"
2017-09-13,"34,850","-1,050","293,557","10,290,730,750","35,700","35,800","34,850","7,455,826","213,940,500"
2017-09-12,"35,900",-50,"213,384","7,644,599,250","35,950","36,200","35,400","7,680,464","213,940,500"
2017-09-11,"35,950",600,"261,062","9,380,009,570","35,500","36,100","35,300","7,691,161","213,940,500"
2017-09-08,"35,350",-100,"158,492","5,588,131,050","35,150","35,500","35,050","7,562,797","213,940,500"
2017-09-07,"35,450",200,"189,842","6,720,837,010","35,600","35,600","35,200","7,584,191","213,940,500"
2017-09-06,"35,250",400,"244,774","8,622,087,300","35,000","35,450","34,800","7,541,403","213,940,500"
2017-09-05,"34,850",550,"190,089","6,610,886,150","34,700","34,950","34,450","7,455,826","213,940,500"
2017-09-04,"34,300",-150,"195,888","6,771,713,550","34,400","34,850","34,200","7,338,159","213,940,500"
2017-09-01,"34,450",-50,"154,455","5,334,099,200","34,500","34,900","34,400","7,370,250","213,940,500"
2017-08-31,"34,500",-350,"334,559","11,571,857,900","34,700","34,900","34,500","7,380,947","213,940,500"
2017-08-30,"34,850",-250,"169,167","5,885,487,150","34,800","35,050","34,700","7,455,826","213,940,500"
2017-08-29,"35,100",-50,"181,401","6,328,486,500","35,050","35,250","34,700","7,509,312","213,940,500"
2017-08-28,"35,150",250,"134,578","4,725,823,800","35,000","35,250","34,900","7,520,009","213,940,500"
2017-08-25,"34,900",100,"178,338","6,212,187,650","34,950","35,000","34,700","7,466,523","213,940,500"
2017-08-24,"34,800",-50,"250,564","8,705,124,750","34,650","35,150","34,600","7,445,129","213,940,500"
2017-08-23,"34,850",-400,"254,795","8,914,328,150","35,150","35,400","34,850","7,455,826","213,940,500"
2017-08-22,"35,250",-100,"163,037","5,761,446,400","35,100","35,550","35,100","7,541,403","213,940,500"
2017-08-21,"35,350",0,"119,200","4,207,118,950","35,350","35,500","35,150","7,562,797","213,940,500"
2017-08-18,"35,350",300,"178,605","6,316,134,300","35,000","35,900","34,950","7,562,797","213,940,500"
2017-08-17,"35,050",0,"191,091","6,722,852,000","35,000","35,550","35,000","7,498,615","213,940,500"
2017-08-16,"35,050",-650,"237,889","8,378,856,450","35,350","35,800","35,000","7,498,615","213,940,500"
2017-08-14,"35,700",50,"146,005","5,219,676,800","35,850","36,000","35,450","7,637,676","213,940,500"
2017-08-11,"35,650",-250,"262,306","9,355,853,750","35,550","36,250","35,350","7,626,979","213,940,500"
2017-08-10,"35,900","-1,400","512,869","18,527,960,450","36,850","36,950","35,750","7,680,464","213,940,500"
2017-08-09,"37,300","1,100","451,654","16,743,898,650","36,450","37,450","36,400","7,979,981","213,940,500"
2017-08-08,"36,200",-100,"211,529","7,663,728,750","36,300","36,800","36,000","7,744,646","213,940,500"
2017-08-07,"36,300",-200,"170,457","6,221,970,150","36,550","36,950","36,250","7,766,040","213,940,500"
2017-08-04,"36,500",-300,"160,499","5,873,542,200","36,550","37,050","36,450","7,808,828","213,940,500"
2017-08-03,"36,800",-250,"242,350","8,926,334,342","36,700","37,200","36,650","7,873,010","213,940,500"
2017-08-02,"37,050",-600,"197,874","7,337,594,500","37,500","37,600","36,850","7,926,496","213,940,500"
2017-08-01,"37,650",650,"362,929","13,668,071,400","37,000","37,900","36,950","8,054,860","213,940,500"
2017-07-31,"37,000",100,"578,633","21,438,583,850","36,750","37,550","36,550","7,915,798","213,940,500"
2017-07-28,"36,900",0,"575,140","21,348,538,600","36,800","37,450","36,500","7,894,404","213,940,500"
2017-07-27,"36,900","1,550","619,451","22,554,876,300","35,800","37,000","35,600","7,894,404","213,940,500"
2017-07-26,"35,350",-150,"336,187","11,945,135,700","35,750","35,800","35,250","7,562,797","213,940,500"
2017-07-25,"35,500",950,"456,317","16,201,137,650","34,950","35,750","34,900","7,594,888","213,940,500"
2017-07-24,"34,550",50,"130,635","4,529,517,650","34,900","34,900","34,500","7,391,644","213,940,500"
2017-07-21,"34,500",-450,"210,852","7,306,156,450","34,800","34,950","34,500","7,380,947","213,940,500"
2017-07-20,"34,950",-100,"163,605","5,736,573,500","35,200","35,250","34,900","7,477,220","213,940,500"
2017-07-19,"35,050",550,"390,015","13,687,598,450","34,700","35,250","34,600","7,498,615","213,940,500"
2017-07-18,"34,500",150,"185,993","6,423,361,700","34,600","34,650","34,400","7,380,947","213,940,500"
2017-07-17,"34,350",650,"306,711","10,521,524,050","33,950","34,650","33,800","7,348,856","213,940,500"
2017-07-14,"33,700",300,"192,370","6,486,515,300","33,400","33,900","33,350","7,209,795","213,940,500"
2017-07-13,"33,400",-650,"404,737","13,634,169,700","34,200","34,200","33,400","7,145,613","213,940,500"
2017-07-12,"34,050",-250,"298,530","10,172,668,650","34,150","34,550","33,900","7,284,674","213,940,500"
2017-07-11,"34,300",300,"227,545","7,804,232,450","34,100","34,550","34,050","7,338,159","213,940,500"
2017-07-10,"34,000",-800,"328,236","11,243,099,100","34,700","34,750","34,000","7,273,977","213,940,500"
2017-07-07,"34,800",-50,"163,945","5,733,193,650","34,800","35,100","34,750","7,445,129","213,940,500"
2017-07-06,"34,850",-50,"164,215","5,723,925,000","34,850","35,050","34,750","7,455,826","213,940,500"
2017-07-05,"34,900",-400,"165,395","5,789,939,450","35,000","35,300","34,900","7,466,523","213,940,500"
2017-07-04,"35,300",-100,"194,859","6,875,398,450","35,100","35,400","35,000","7,552,100","213,940,500"
2017-07-03,"35,400",550,"205,345","7,205,043,000","35,000","35,400","34,800","7,573,494","213,940,500"
2017-06-30,"34,850",-200,"400,422","13,981,252,350","35,000","35,150","34,800","7,455,826","213,940,500"
2017-06-29,"35,050",-350,"177,792","6,238,806,900","35,400","35,400","35,000","7,498,615","213,940,500"
2017-06-28,"35,400",300,"185,177","6,526,461,400","35,300","35,400","35,000","7,573,494","213,940,500"
2017-06-27,"35,100",100,"211,886","7,434,982,050","35,050","35,300","35,000","7,509,312","213,940,500"
2017-06-26,"35,000",-150,"139,755","4,903,132,250","35,150","35,400","34,900","7,487,918","213,940,500"
2017-06-23,"35,150",-350,"172,345","6,060,191,750","35,550","35,600","35,050","7,520,009","213,940,500"
2017-06-22,"35,500",550,"268,902","9,491,674,300","35,200","35,550","34,800","7,594,888","213,940,500"
2017-06-21,"34,950",350,"319,251","11,141,498,852","34,800","35,200","34,700","7,477,220","213,940,500"
2017-06-20,"34,600",-750,"317,564","11,017,405,050","35,050","35,100","34,600","7,402,341","213,940,500"
2017-06-19,"35,350",150,"147,002","5,179,740,950","35,050","35,450","35,050","7,562,797","213,940,500"
2017-06-16,"35,200",-250,"341,284","12,018,307,200","35,450","35,450","35,000","7,530,706","213,940,500"
2017-06-15,"35,450",100,"228,695","8,105,471,450","35,350","35,650","35,300","7,584,191","213,940,500"
2017-06-14,"35,350",-450,"282,049","9,998,264,950","35,400","35,800","35,350","7,562,797","213,940,500"
2017-06-13,"35,800",200,"168,323","6,006,573,700","35,700","35,800","35,450","7,659,070","213,940,500"
2017-06-12,"35,600",300,"251,392","8,914,286,350","35,100","35,650","35,100","7,616,282","213,940,500"
2017-06-09,"35,300",-650,"807,252","28,636,554,400","35,900","35,950","35,300","7,552,100","213,940,500"
2017-06-08,"35,950",-100,"808,692","29,102,476,150","36,100","36,250","35,900","7,691,161","213,940,500"
2017-06-07,"36,050",-550,"495,586","17,906,002,700","36,150","36,500","36,050","7,712,555","213,940,5"
2017-06-05,"36,600",-550,"275,351","10,160,270,150","37,200","37,400","36,500","7,830,222","213,940,500"
2017-06-02,"37,150",950,"422,194","15,572,576,200","36,450","37,200","36,400","7,947,890","213,940,500"
2017-06-01,"36,200",-50,"874,926","31,988,120,850","36,250","36,550","36,150","7,744,646","213,940,500"
2017-05-31,"36,250",0,"520,407","18,882,603,450","36,300","36,500","36,150","7,755,343","213,940,500"
2017-05-30,"36,250",200,"527,170","19,174,874,685","36,100","36,600","36,100","7,755,343","213,940,500"
2017-05-29,"36,050",-500,"465,517","16,808,581,000","36,550","36,700","36,000","7,712,555","213,940,500"
2017-05-26,"36,550",-150,"285,090","10,441,537,050","36,700","36,850","36,500","7,819,525","213,940,500"
2017-05-25,"36,700",-250,"207,736","7,651,946,950","37,000","37,050","36,600","7,851,616","213,940,500"
2017-05-24,"36,950",500,"312,704","11,565,655,150","36,650","37,150","36,500","7,905,101","213,940,500"
2017-05-23,"36,450",350,"342,587","12,513,183,650","36,100","36,850","36,100","7,798,131","213,940,500"
2017-05-22,"36,100",-400,"305,210","11,042,889,750","36,900","36,900","36,100","7,723,252","213,940,500"
2017-05-19,"36,500",250,"239,068","8,718,529,750","36,250","36,800","36,250","7,808,828","213,940,500"
2017-05-18,"36,250",-600,"348,330","12,667,669,850","36,750","36,850","36,150","7,755,343","213,940,500"
2017-05-17,"36,850",-50,"228,237","8,424,317,500","36,900","37,300","36,750","7,883,707","213,940,500"
2017-05-16,"36,900","-1,650","499,267","18,473,272,800","38,500","38,500","36,650","7,894,404","213,940,500"
2017-05-15,"38,550",0,"173,808","6,732,158,800","38,800","39,250","38,250","8,247,406","213,940,500"
2017-05-12,"38,550",-250,"158,621","6,119,657,000","38,900","38,900","38,250","8,247,406","213,940,500"
2017-05-11,"38,800","1,000","454,269","17,544,035,800","38,000","38,850","38,000","8,300,891","213,940,500"
2017-05-10,"37,800",200,"500,798","19,162,634,800","38,000","38,950","37,500","8,086,951","213,940,500"
2017-05-08,"37,600",500,"387,967","14,470,798,000","36,750","37,600","36,700","8,044,163","213,940,500"
2017-05-04,"37,100",300,"291,891","10,827,158,700","36,550","37,400","36,550","7,937,193","213,940,500"
2017-05-02,"36,800",650,"411,988","15,145,051,400","36,350","37,100","36,200","7,873,010","213,940,500"
2017-04-28,"36,150","-1,250","449,467","16,295,947,650","36,550","36,850","36,000","7,733,949","213,940,500"
2017-04-27,"37,400",-250,"287,463","10,840,691,200","37,750","38,100","37,350","8,001,375","213,940,500"
2017-04-26,"37,650",100,"203,896","7,675,445,450","37,650","37,800","37,250","8,054,860","213,940,500"
2017-04-25,"37,550",600,"243,200","9,071,906,150","36,900","37,550","36,850","8,033,466","213,940,500"
2017-04-24,"36,950",-550,"189,701","7,046,175,950","37,600","37,600","36,950","7,905,101","213,940,500"
2017-04-21,"37,500",-100,"234,698","8,729,457,800","37,050","37,550","37,000","8,022,769","213,940,500"
2017-04-20,"37,600",800,"228,081","8,516,945,250","37,000","37,650","36,500","8,044,163","213,940,500"
2017-04-19,"36,800",-700,"261,381","9,610,677,600","37,050","37,300","36,550","7,873,010","213,940,500"
2017-04-18,"37,500",450,"194,165","7,280,025,700","37,350","37,800","37,050","8,022,769","213,940,500"
2017-04-17,"37,050",-300,"169,197","6,253,395,200","37,300","37,600","36,750","7,926,496","213,940,500"
2017-04-14,"37,350",50,"241,654","8,989,834,350","37,300","37,350","36,900","7,990,678","213,940,500"
2017-04-13,"37,300","1,300","356,963","13,285,458,750","36,350","37,500","36,250","7,979,981","213,940,500"
2017-04-12,"36,000",0,"158,395","5,702,164,750","35,750","36,350","35,750","7,701,858","213,940,500"
2017-04-11,"36,000",-450,"367,430","13,244,712,250","36,100","36,550","35,850","7,701,858","213,940,500"
2017-04-10,"36,450",-550,"160,295","5,852,177,650","36,600","36,950","36,150","7,798,131","213,940,500"
2017-04-07,"37,000",400,"275,268","10,124,615,300","36,600","37,000","36,450","7,915,798","213,940,500"
2017-04-06,"36,600",-650,"330,017","12,018,630,300","36,800","36,850","36,250","7,830,222","213,940,500"
2017-04-05,"37,250",-50,"280,813","10,374,468,200","37,300","37,300","36,550","7,969,284","213,940,500"
2017-04-04,"37,300",-100,"204,113","7,570,372,450","37,150","37,350","36,900","7,979,981","213,940,500"
2017-04-03,"37,400",-800,"322,649","12,075,965,700","38,400","38,400","37,200","8,001,375","213,940,500"
2017-03-31,"38,200",50,"413,646","15,736,750,050","38,000","38,350","37,500","8,172,527","213,940,500"
2017-03-30,"38,150","1,150","453,928","17,071,307,635","37,000","38,150","36,700","8,161,830","213,940,500"
2017-03-29,"37,000",200,"209,687","7,708,249,500","37,000","37,100","36,400","7,915,798","213,940,500"
2017-03-28,"36,800",-500,"186,388","6,866,838,750","37,550","37,550","36,600","7,873,010","213,940,500"
2017-03-27,"37,300",150,"279,021","10,299,641,450","36,700","37,300","36,600","7,979,981","213,940,500"
2017-03-24,"37,150",-150,"402,208","14,856,347,951","37,300","37,500","36,550","7,947,890","213,940,500"
2017-03-23,"37,300",-200,"289,531","10,774,558,350","37,850","37,850","36,900","7,979,981","213,940,500"
2017-03-22,"37,500","1,550","834,410","30,946,437,100","36,250","37,600","36,100","8,022,769","213,940,500"
2017-03-21,"35,950",0,"444,762","16,000,812,560","36,400","36,400","35,750","7,691,161","213,940,500"
2017-03-20,"35,950",50,"405,325","14,558,685,700","35,900","36,350","35,650","7,691,161","213,940,500"
2017-03-17,"35,900","1,300","509,209","18,038,980,900","34,950","36,100","34,600","7,680,464","213,940,500"
2017-03-16,"34,600",250,"271,160","9,392,048,050","34,850","35,150","34,400","7,402,341","213,940,500"
2017-03-15,"34,350",150,"226,268","7,780,853,400","34,400","34,500","34,200","7,348,856","213,940,500"
2017-03-14,"34,200",450,"332,088","11,345,114,750","33,800","34,350","33,750","7,316,765","213,940,500"
2017-03-13,"33,750",0,"281,384","9,543,585,350","33,850","34,250","33,750","7,220,492","213,940,500"
2017-03-10,"33,750",-250,"455,487","15,421,911,050","33,900","34,400","33,750","7,220,492","213,940,500"
2017-03-09,"34,000",-250,"378,635","12,877,665,450","33,800","34,500","33,800","7,273,977","213,940,500"
2017-03-08,"34,250",0,"255,608","8,729,813,000","34,050","34,400","33,900","7,327,462","213,940,500"
2017-03-07,"34,250",900,"397,417","13,520,951,285","33,350","34,350","33,350","7,327,462","213,940,500"
2017-03-06,"33,350","-1,000","469,908","15,720,678,200","34,400","34,450","33,200","7,134,916","213,940,500"
2017-03-03,"34,350",-350,"222,585","7,680,776,300","34,500","34,900","34,200","7,348,856","213,940,500"
2017-03-02,"34,700",-650,"530,121","18,424,388,050","35,750","35,750","34,450","7,423,735","213,940,500"
2017-02-28,"35,350",-300,"334,581","11,837,667,706","35,750","35,750","35,100","7,562,797","213,940,500"
2017-02-27,"35,650",200,"286,287","10,184,769,450","35,750","35,750","35,400","7,626,979","213,940,500"
2017-02-24,"35,450",0,"515,726","18,182,753,598","35,650","35,700","34,900","7,584,191","213,940,500"
2017-02-23,"35,450",800,"422,571","14,815,672,850","34,950","35,450","34,400","7,584,191","213,940,500"
2017-02-22,"34,650",150,"286,611","9,893,312,600","34,450","34,700","34,200","7,413,038","213,940,500"
2017-02-21,"34,500",50,"166,561","5,731,392,950","34,200","34,500","34,200","7,380,947","213,940,500"
2017-02-20,"34,450",300,"282,289","9,659,858,350","34,150","34,450","34,100","7,370,250","213,940,500"
2017-02-17,"34,150",-150,"343,438","11,753,920,750","34,300","34,550","34,100","7,306,068","213,940,500"
2017-02-16,"34,300","-1,300","774,609","26,665,052,200","35,300","35,350","34,200","7,338,159","213,940,500"
2017-02-15,"35,600",100,"209,815","7,469,147,900","35,250","35,800","35,250","7,616,282","213,940,500"
2017-02-14,"35,500",300,"314,383","11,119,529,850","35,500","35,550","35,150","7,594,888","213,940,500"
2017-02-13,"35,200",300,"262,488","9,230,581,000","35,000","35,450","34,900","7,530,706","213,940,500"
2017-02-10,"34,900",-450,"352,672","12,372,252,900","35,400","35,450","34,900","7,466,523","213,940,500"
2017-02-09,"35,350",350,"430,382","15,130,216,850","35,000","35,500","34,800","7,562,797","213,940,500"
2017-02-08,"35,000",-450,"408,029","14,298,958,612","35,000","35,400","34,750","7,487,918","213,940,500"
2017-02-07,"35,450",350,"387,749","13,698,128,650","35,000","35,600","34,850","7,584,191","213,940,500"
2017-02-06,"35,100",600,"575,513","20,115,965,300","34,900","35,100","34,550","7,509,312","213,940,500"
2017-02-03,"34,500",-50,"403,502","13,907,804,250","34,800","34,950","34,100","7,380,947","213,940,500"
2017-02-02,"34,550",550,"670,052","23,154,905,844","34,150","34,800","33,900","7,391,644","213,940,500"
2017-02-01,"34,000","1,300","597,149","20,165,405,900","33,000","34,100","32,700","7,273,977","213,940,500"
2017-01-31,"32,700",50,"373,080","12,152,949,250","32,700","32,750","32,150","6,995,854","213,940,500"
2017-01-26,"32,650",-300,"399,559","13,097,177,750","32,950","33,100","32,650","6,985,157","213,940,500"
2017-01-25,"32,950",-950,"657,784","21,681,708,882","33,850","34,050","32,400","7,049,339","213,940,500"
2017-01-24,"33,900",-150,"404,405","13,715,748,150","34,000","34,200","33,750","7,252,583","213,940,500"
2017-01-23,"34,050",50,"277,578","9,485,349,000","34,150","34,500","34,000","7,284,674","213,940,500"
2017-01-20,"34,000",-200,"390,436","13,325,906,700","34,300","34,400","34,000","7,273,977","213,940,500"
2017-01-19,"34,200",-300,"393,897","13,542,391,649","34,500","35,100","34,150","7,316,765","213,940,500"
2017-01-18,"34,500",-450,"256,983","8,892,151,200","34,950","35,000","34,500","7,380,947","213,940,500"
2017-01-17,"34,950",0,"542,484","18,969,689,350","35,000","35,150","34,800","7,477,220","213,940,500"
2017-01-16,"34,950",-150,"398,638","13,888,097,550","35,050","35,100","34,550","7,477,220","213,940,500"
2017-01-13,"35,100",450,"228,346","7,982,509,350","34,650","35,150","34,650","7,509,312","213,940,500"
2017-01-12,"34,650",150,"437,110","15,213,637,000","34,450","35,200","34,450","7,413,038","213,940,500"
2017-01-11,"34,500",-300,"1,063,486","36,745,630,952","34,600","34,900","34,400","7,380,947","213,940,500"
2017-01-10,"34,800",250,"391,764","13,561,094,900","34,550","34,850","34,350","7,445,129","213,940,500"
2017-01-09,"34,550","-1,500","672,511","23,644,212,225","35,800","36,000","34,500","7,391,644","213,940,500"
2017-01-06,"36,050",-600,"325,900","11,781,035,350","36,300","36,600","36,000","7,712,555","213,940,500"
2017-01-05,"36,650",350,"327,955","11,928,829,150","36,050","36,650","36,050","7,840,919","213,940,500"
2017-01-04,"36,300",750,"309,752","11,114,708,650","35,550","36,300","35,500","7,766,040","213,940,500"
2017-01-03,"35,550",-150,"391,803","13,883,008,250","35,750","35,800","35,300","7,605,585","213,940,500"
2017-01-02,"35,700",-50,"188,783","6,749,136,050","35,900","36,150","35,600","7,637,676","213,940,500"
2016-12-29,"35,750",-500,"326,228","11,694,235,900","35,900","36,200","35,750","7,648,373","213,940,500"
2016-12-28,"36,250",-900,"176,053","6,408,069,500","36,400","36,650","36,250","7,755,343","213,940,500"
2016-12-27,"37,150",-200,"216,105","8,049,530,000","37,350","37,500","37,100","7,947,890","213,940,500"
2016-12-26,"37,350",-200,"194,276","7,236,758,800","37,500","37,550","36,950","7,990,678","213,940,500"
2016-12-23,"37,550",600,"245,781","9,176,893,150","36,750","37,550","36,650","8,033,466","213,940,500"
2016-12-22,"36,950",400,"242,810","8,980,095,200","36,900","37,250","36,550","7,905,101","213,940,500"
2016-12-21,"36,550",-100,"294,680","10,750,287,300","36,600","36,800","36,250","7,819,525","213,940,500"
2016-12-20,"36,650",-400,"142,150","5,237,262,900","37,050","37,300","36,600","7,840,919","213,940,500"
2016-12-19,"37,050",400,"239,995","8,890,427,600","36,700","37,300","36,600","7,926,496","213,940,500"
2016-12-16,"36,650",-400,"347,344","12,825,466,700","37,500","37,500","36,650","7,840,919","213,940,500"
2016-12-15,"37,050",-300,"213,664","7,898,418,350","36,800","37,350","36,600","7,926,496","213,940,500"
2016-12-14,"37,350",300,"272,868","10,216,548,850","37,200","37,650","37,050","7,990,678","213,940,500"
2016-12-13,"37,050",150,"273,101","10,105,059,750","36,750","37,200","36,750","7,926,496","213,940,500"
2016-12-12,"36,900",-500,"249,905","9,280,044,350","37,400","37,800","36,800","7,894,404","213,940,500"
2016-12-09,"37,400",-350,"209,064","7,812,284,550","37,250","37,500","37,200","8,001,375","213,940,500"
2016-12-08,"37,750",900,"445,892","16,658,125,600","37,050","37,750","36,800","8,076,254","213,940,500"
2016-12-07,"36,850",300,"260,212","9,567,877,250","36,800","37,000","36,550","7,883,707","213,940,500"
2016-12-06,"36,550",300,"286,790","10,493,808,200","36,750","36,900","36,250","7,819,525","213,940,500"
2016-12-05,"36,250",-50,"167,281","6,074,647,500","36,350","36,800","36,050","7,755,343","213,940,500"
2016-12-02,"36,300",-500,"233,973","8,554,815,350","37,000","37,200","36,150","7,766,040","213,940,500"
2016-12-01,"36,800","1,150","374,070","13,639,748,650","35,650","36,850","35,600","7,873,010","213,940,500"
2016-11-30,"35,650","-1,500","808,262","29,097,214,300","36,700","36,850","35,650","7,626,979","213,940,500"
2016-11-29,"37,150",-50,"208,415","7,716,210,150","36,900","37,400","36,650","7,947,890","213,940,500"
2016-11-28,"37,200",-250,"215,717","8,044,816,900","37,100","37,800","36,950","7,958,587","213,940,500"
2016-11-25,"37,450",600,"381,918","14,205,023,950","36,650","37,450","36,600","8,012,072","213,940,500"
2016-11-24,"36,850",750,"390,434","14,288,330,850","36,250","37,000","36,100","7,883,707","213,940,500"
2016-11-23,"36,100",200,"373,989","13,468,992,550","35,650","36,200","35,550","7,723,252","213,940,500"
2016-11-22,"35,900",550,"298,822","10,724,932,700","35,600","36,200","35,400","7,680,464","213,940,500"
2016-11-21,"35,350",-250,"181,906","6,450,166,250","35,800","35,800","35,350","7,562,797","213,940,500"
2016-11-18,"35,600",-400,"268,733","9,601,010,050","35,800","36,100","35,600","7,616,282","213,940,500"
2016-11-17,"36,000",550,"242,368","8,659,595,900","35,500","36,000","35,450","7,701,858","213,940,500"
2016-11-16,"35,450",-150,"458,095","16,320,963,100","35,450","35,850","35,450","7,584,191","213,940,500"
2016-11-15,"35,600",-550,"472,480","16,835,681,000","36,000","36,150","35,500","7,616,282","213,940,500"
2016-11-14,"36,150",-350,"265,621","9,638,137,550","36,600","36,850","36,050","7,733,949","213,940,500"
2016-11-11,"36,500","-1,000","1,069,854","39,964,433,600","37,400","37,450","36,400","7,808,828","213,940,500"
2016-11-10,"37,500",650,"427,212","15,837,820,050","36,950","37,500","36,700","8,022,769","213,940,500"
2016-11-09,"36,850",250,"455,346","16,659,620,150","36,950","37,100","36,200","7,883,707","213,940,500"
2016-11-08,"36,600",150,"235,467","8,569,833,950","36,450","36,650","36,150","7,830,222","213,940,500"
2016-11-07,"36,450",-750,"542,989","19,888,494,290","37,500","37,500","36,400","7,798,131","213,940,500"
2016-11-04,"37,200","1,200","461,697","17,012,867,600","36,200","37,200","36,100","7,958,587","213,940,500"
2016-11-03,"36,000","-2,150","823,904","29,981,792,450","38,150","38,150","35,550","7,701,858","213,940,500"
2016-11-02,"38,150",-300,"152,224","5,793,665,750","38,400","38,450","37,800","8,161,830","213,940,500"
2016-11-01,"38,450",500,"147,742","5,659,861,150","38,100","38,500","38,000","8,226,012","213,940,500"
2016-10-31,"37,950",-550,"221,799","8,440,457,950","38,100","38,450","37,950","8,119,042","213,940,500"
2016-10-28,"38,500",-400,"190,353","7,277,131,693","38,400","38,550","38,000","8,236,709","213,940,500"
2016-10-27,"38,900",350,"161,584","6,267,015,250","38,850","39,000","38,300","8,322,285","213,940,500"
2016-10-26,"38,550",-300,"175,511","6,740,698,000","38,550","38,850","38,200","8,247,406","213,940,500"
2016-10-25,"38,850",-650,"192,972","7,509,584,100","39,400","39,550","38,650","8,311,588","213,940,500"
2016-10-24,"39,500",750,"254,084","9,965,580,500","38,950","39,500","38,650","8,450,650","213,940,500"
2016-10-21,"38,750",-400,"249,516","9,665,021,900","39,000","39,100","38,500","8,290,194","213,940,500"
2016-10-20,"39,150",100,"207,087","8,084,966,300","39,050","39,200","38,650","8,375,771","213,940,500"
2016-10-19,"39,050",350,"251,919","9,803,109,900","38,550","39,050","38,400","8,354,377","213,940,500"
2016-10-18,"38,700",300,"261,195","10,054,823,257","38,450","38,700","38,250","8,279,497","213,940,500"
2016-10-17,"38,400",700,"404,821","15,511,088,700","38,200","38,500","38,000","8,215,315","213,940,500"
2016-10-14,"37,700",-200,"699,196","26,464,470,450","37,950","38,250","37,700","8,065,557","213,940,500"
2016-10-13,"37,900",-450,"422,143","15,989,613,300","38,200","38,250","37,700","8,108,345","213,940,500"
2016-10-12,"38,350",100,"361,935","13,868,445,550","38,500","38,600","38,150","8,204,618","213,940,500"
2016-10-11,"38,250",-100,"272,814","10,474,072,000","38,750","38,850","38,150","8,183,224","213,940,500"
2016-10-10,"38,350",350,"215,767","8,317,145,700","38,450","38,800","38,100","8,204,618","213,940,500"
2016-10-07,"38,000",0,"287,407","10,979,234,600","37,850","38,550","37,800","8,129,739","213,940,500"
2016-10-06,"38,000",-850,"512,965","19,489,883,150","38,500","38,750","37,750","8,129,739","213,940,500"
2016-10-05,"38,850",-250,"416,647","16,133,485,000","39,000","39,250","38,200","8,311,588","213,940,500"
2016-10-04,"39,100",-200,"177,853","6,984,953,150","39,450","39,700","39,050","8,365,074","213,940,500"
2016-09-30,"39,300",-650,"317,198","12,548,572,450","40,100","40,150","39,200","8,407,862","213,940,500"
2016-09-29,"39,950",250,"134,759","5,396,312,400","39,700","40,200","39,700","8,546,923","213,940,500"
2016-09-28,"39,700",-450,"169,097","6,716,423,050","39,800","40,300","39,500","8,493,438","213,940,500"
2016-09-27,"40,150",250,"191,705","7,660,617,200","40,000","40,250","39,400","8,589,711","213,940,500"
2016-09-26,"39,900",100,"270,860","10,811,283,882","39,950","40,000","39,750","8,536,226","213,940,500"
2016-09-23,"39,800",200,"332,227","13,167,635,250","40,150","40,150","39,400","8,514,832","213,940,500"
2016-09-22,"39,600",100,"219,472","8,715,988,850","39,700","40,000","39,500","8,472,044","213,940,500"
2016-09-21,"39,500",500,"302,757","11,866,717,950","39,000","39,500","38,550","8,450,650","213,940,500"
2016-09-20,"39,000",600,"406,126","15,733,801,750","38,150","39,000","38,150","8,343,680","213,940,500"
2016-09-19,"38,400",-50,"446,127","17,166,832,650","38,200","39,300","38,100","8,215,315","213,940,500"
2016-09-13,"38,450",-850,"383,320","14,840,650,750","39,300","39,400","38,450","8,226,012","213,940,500"
2016-09-12,"39,300",0,"223,389","8,804,674,300","39,750","39,750","39,000","8,407,862","213,940,500"
2016-09-09,"39,300",-600,"202,583","7,959,708,700","39,600","39,650","39,150","8,407,862","213,940,500"
2016-09-08,"39,900",-100,"293,600","11,703,826,050","40,000","40,100","39,750","8,536,226","213,940,500"
2016-09-07,"40,000",0,"178,808","7,144,958,200","39,900","40,200","39,850","8,557,620","213,940,500"
2016-09-06,"40,000",-500,"235,965","9,443,341,084","40,150","40,500","39,850","8,557,620","213,940,500"
2016-09-05,"40,500",450,"137,569","5,568,574,000","40,200","40,600","40,050","8,664,590","213,940,500"
2016-09-02,"40,050",-150,"155,607","6,224,427,350","40,400","40,400","39,800","8,568,317","213,940,500"
2016-09-01,"40,200",750,"239,590","9,565,660,350","39,700","40,300","39,400","8,600,408","213,940,500"
2016-08-31,"39,450",-750,"346,875","13,728,483,350","40,000","40,200","39,400","8,439,953","213,940,500"
2016-08-30,"40,200",-300,"218,133","8,771,771,950","40,500","40,550","40,050","8,600,408","213,940,500"
2016-08-29,"40,500",400,"315,922","12,683,761,300","40,100","40,550","39,600","8,664,590","213,940,500"
2016-08-26,"40,100",500,"240,102","9,626,367,500","39,600","40,300","39,600","8,579,014","213,940,500"
2016-08-25,"39,600",0,"378,783","15,069,108,550","39,600","40,300","39,400","8,472,044","213,940,500"
2016-08-24,"39,600",100,"242,521","9,583,901,600","39,800","39,800","39,350","8,472,044","213,940,500"
2016-08-23,"39,500",50,"357,732","14,042,592,450","39,450","39,600","39,000","8,450,650","213,940,500"
2016-08-22,"39,450",-450,"441,281","17,440,067,550","39,800","40,450","39,350","8,439,953","213,940,500"
2016-08-19,"39,900","-1,350","471,565","18,922,716,700","41,200","41,200","39,900","8,536,226","213,940,500"
2016-08-18,"41,250",-150,"207,284","8,594,270,100","41,200","41,900","41,200","8,825,046","213,940,500"
2016-08-17,"41,400",-350,"239,412","9,933,144,650","41,750","42,200","41,250","8,857,137","213,940,500"
2016-08-16,"41,750",-450,"195,337","8,190,166,250","41,800","42,150","41,750","8,932,016","213,940,500"
2016-08-12,"42,200",100,"186,980","7,848,051,600","41,800","42,250","41,450","9,028,289","213,940,500"
2016-08-11,"42,100",-50,"202,385","8,417,420,150","41,650","42,100","41,200","9,006,895","213,940,500"
2016-08-10,"42,150",650,"380,562","15,952,451,500","41,250","42,150","41,200","9,017,592","213,940,500"
2016-08-09,"41,500",400,"278,460","11,492,713,000","41,100","41,550","41,000","8,878,531","213,940,500"
2016-08-08,"41,100",400,"294,397","12,022,253,000","40,950","41,100","40,500","8,792,955","213,940,500"
2016-08-05,"40,700",500,"346,987","14,118,206,050","40,600","40,900","40,300","8,707,378","213,940,500"
2016-08-04,"40,200","1,250","419,836","16,727,566,300","39,600","40,250","39,500","8,600,408","213,940,500"
2016-08-03,"38,950","-1,500","978,086","38,144,685,250","38,100","39,650","37,850","8,332,982","213,940,500"
2016-08-02,"40,450",-850,"373,219","15,187,101,500","41,050","41,350","40,450","8,653,893","213,940,500"
2016-08-01,"41,300",300,"273,260","11,333,490,600","41,400","41,700","41,050","8,835,743","213,940,500"
2016-07-29,"41,000",-350,"324,941","13,366,030,520","41,200","41,400","40,950","8,771,560","213,940,500"
2016-07-28,"41,350",350,"208,683","8,588,433,200","40,900","41,400","40,900","8,846,440","213,940,500"
2016-07-27,"41,000",-400,"268,119","11,011,825,200","41,400","41,500","40,900","8,771,560","213,940,500"
2016-07-26,"41,400",450,"316,146","13,028,622,150","40,750","41,450","40,750","8,857,137","213,940,500"
2016-07-25,"40,950",600,"222,009","9,046,343,450","40,550","40,950","40,450","8,760,863","213,940,500"
2016-07-22,"40,350",-350,"291,170","11,791,653,800","40,700","40,700","40,350","8,632,499","213,940,500"
2016-07-21,"40,700",-50,"335,523","13,670,179,400","40,750","40,900","40,650","8,707,378","213,940,500"
2016-07-20,"40,750",-400,"418,559","17,053,162,100","41,200","41,200","40,600","8,718,075","213,940,500"
2016-07-19,"41,150",-250,"475,782","19,546,819,050","41,850","41,850","40,850","8,803,652","213,940,500"
2016-07-18,"41,400",-350,"170,652","7,066,457,350","41,600","41,750","41,250","8,857,137","213,940,500"
2016-07-15,"41,750",300,"369,497","15,405,518,363","41,650","41,950","41,250","8,932,016","213,940,500"
2016-07-14,"41,450",350,"231,543","9,562,074,854","41,350","41,600","40,900","8,867,834","213,940,500"
2016-07-13,"41,100",350,"360,880","14,741,417,860","40,800","41,150","40,450","8,792,955","213,940,500"
2016-07-12,"40,750",-600,"232,312","9,489,929,850","41,100","41,350","40,600","8,718,075","213,940,500"
2016-07-11,"41,350",750,"288,683","11,834,934,650","40,300","41,500","40,250","8,846,440","213,940,500"
2016-07-08,"40,600",-300,"340,362","13,831,279,500","40,950","41,300","40,300","8,685,984","213,940,500"
2016-07-07,"40,900",-100,"201,780","8,279,367,318","40,900","41,400","40,850","8,750,166","213,940,500"
2016-07-06,"41,000",-650,"240,530","9,876,704,950","41,750","41,800","40,800","8,771,560","213,940,500"
2016-07-05,"41,650",-550,"199,653","8,313,041,200","41,850","42,000","41,400","8,910,622","213,940,500"
2016-07-04,"42,200",650,"186,085","7,823,300,150","41,600","42,200","41,550","9,028,289","213,940,500"
2016-07-01,"41,550",-150,"273,142","11,332,870,200","41,500","41,800","41,150","8,889,228","213,940,500"
2016-06-30,"41,700",650,"271,980","11,295,382,450","41,150","41,750","41,100","8,921,319","213,940,500"
2016-06-29,"41,050",50,"378,254","15,516,990,450","41,050","41,350","40,800","8,782,258","213,940,500"
2016-06-28,"41,000","-1,200","448,614","18,438,157,400","41,600","41,800","40,800","8,771,560","213,940,500"
2016-06-27,"42,200",300,"291,816","12,237,133,800","41,900","42,550","41,400","9,028,289","213,940,500"
2016-06-24,"41,900",-300,"407,642","16,948,584,600","42,000","42,400","41,000","8,964,107","213,940,500"
2016-06-23,"42,200",-50,"154,099","6,540,287,600","42,350","42,750","42,100","9,028,289","213,940,500"
2016-06-22,"42,250",50,"217,021","9,143,874,950","42,350","42,400","41,850","9,038,986","213,940,500"
2016-06-21,"42,200",-300,"176,152","7,438,326,500","42,100","42,550","41,950","9,028,289","213,940,500"
2016-06-20,"42,500",450,"209,511","8,869,963,450","42,800","42,800","41,750","9,092,471","213,940,500"
2016-06-17,"42,050",200,"303,721","12,719,599,300","41,700","42,200","41,550","8,996,198","213,940,500"
2016-06-16,"41,850",-350,"226,875","9,516,503,750","42,100","42,300","41,650","8,953,410","213,940,500"
2016-06-15,"42,200",0,"214,653","9,069,756,100","41,950","42,550","41,950","9,028,289","213,940,500"
2016-06-14,"42,200",-750,"194,035","8,213,694,000","42,700","42,800","42,100","9,028,289","213,940,500"
2016-06-13,"42,950",-250,"183,653","7,907,100,700","43,000","43,400","42,700","9,188,744","213,940,500"
2016-06-10,"43,200",50,"206,646","8,928,886,350","43,150","43,450","42,650","9,242,230","213,940,500"
2016-06-09,"43,150",-900,"452,974","19,458,562,900","43,850","43,850","42,600","9,231,533","213,940,500"
2016-06-08,"44,050",650,"507,279","22,295,411,900","43,400","44,200","43,200","9,424,079","213,940,500"
2016-06-07,"43,400",600,"334,185","14,420,294,300","42,450","43,450","42,400","9,285,018","213,940,5"
2016-06-03,"42,800",400,"234,547","10,005,980,800","42,700","42,800","42,250","9,156,653","213,940,500"
2016-06-02,"42,400",400,"231,542","9,814,206,000","41,750","42,750","41,600","9,071,077","213,940,500"
2016-06-01,"42,000",-550,"296,016","12,445,646,650","42,300","42,550","41,800","8,985,501","213,940,500"
2016-05-31,"42,550",600,"593,522","25,195,881,550","41,650","42,550","41,550","9,103,168","213,940,500"
2016-05-30,"41,950",0,"192,857","8,078,760,700","41,750","42,050","41,600","8,974,804","213,940,500"
2016-05-27,"41,950",350,"177,966","7,436,012,700","41,800","42,050","41,300","8,974,804","213,940,500"
2016-05-26,"41,600",100,"176,193","7,344,748,750","41,500","41,900","41,250","8,899,925","213,940,500"
2016-05-25,"41,500",950,"328,205","13,598,519,500","40,850","41,950","40,850","8,878,531","213,940,500"
2016-05-24,"40,550",-600,"401,264","16,352,783,750","40,900","41,100","40,550","8,675,287","213,940,500"
2016-05-23,"41,150","-1,300","372,289","15,380,734,150","42,450","42,450","41,150","8,803,652","213,940,500"
2016-05-20,"42,450",150,"270,691","11,444,937,750","42,050","42,450","41,800","9,081,774","213,940,500"
2016-05-19,"42,300",-100,"296,249","12,506,523,050","41,700","42,500","41,300","9,049,683","213,940,500"
2016-05-18,"42,400",-150,"344,639","14,437,620,750","42,100","42,400","41,100","9,071,077","213,940,500"
2016-05-17,"42,550",-50,"201,342","8,543,127,100","42,150","42,600","42,150","9,103,168","213,940,500"
2016-05-16,"42,600",400,"220,541","9,335,974,600","41,900","42,600","41,850","9,113,865","213,940,500"
2016-05-13,"42,200",-300,"220,559","9,307,841,400","42,500","42,750","42,000","9,028,289","213,940,500"
2016-05-12,"42,500",-200,"217,871","9,230,916,250","42,650","42,850","42,150","9,092,471","213,940,500"
2016-05-11,"42,700",-600,"300,479","12,804,425,700","43,050","43,150","42,400","9,135,259","213,940,500"
2016-05-10,"43,300","-1,300","310,290","13,410,261,000","44,400","44,400","42,400","9,263,624","213,940,500"
2016-05-09,"44,600","1,550","498,761","21,941,658,200","42,900","44,600","42,850","9,541,746","213,940,500"
2016-05-04,"43,050",800,"368,187","15,766,730,300","42,000","43,100","42,000","9,210,139","213,940,500"
2016-05-03,"42,250",-500,"200,180","8,505,431,150","42,750","42,950","42,250","9,038,986","213,940,500"
2016-05-02,"42,750",100,"146,693","6,289,415,300","42,150","43,200","42,150","9,145,956","213,940,500"
2016-04-29,"42,650",-500,"260,571","11,087,494,350","42,750","42,950","42,300","9,124,562","213,940,500"
2016-04-28,"43,150",-100,"452,225","19,471,326,000","43,050","43,300","42,700","9,231,533","213,940,500"
2016-04-27,"43,250",500,"218,461","9,372,910,000","42,500","43,250","42,450","9,252,927","213,940,500"
2016-04-26,"42,750",-200,"286,329","12,259,935,850","42,600","43,150","42,550","9,145,956","213,940,500"
2016-04-25,"42,950",800,"205,692","8,794,152,100","41,850","43,000","41,850","9,188,744","213,940,500"
2016-04-22,"42,150",-200,"171,915","7,255,422,750","42,000","42,500","42,000","9,017,592","213,940,500"
2016-04-21,"42,350",50,"204,486","8,633,271,750","42,600","42,600","42,000","9,060,380","213,940,500"
2016-04-20,"42,300",-600,"451,611","19,094,895,350","42,800","43,000","41,950","9,049,683","213,940,500"
2016-04-19,"42,900",50,"367,179","15,601,088,690","42,650","42,900","42,200","9,178,047","213,940,500"
2016-04-18,"42,850",-550,"356,645","15,280,144,750","42,600","43,400","42,550","9,167,350","213,940,500"
2016-04-15,"43,400","1,250","504,378","21,742,506,650","42,450","43,700","42,350","9,285,018","213,940,500"
2016-04-14,"42,150","1,200","418,901","17,524,105,100","41,500","42,150","41,050","9,017,592","213,940,500"
2016-04-12,"40,950",-150,"233,281","9,523,439,200","41,350","41,350","40,650","8,760,863","213,940,500"
2016-04-11,"41,100",100,"199,870","8,240,314,500","41,000","41,450","40,950","8,792,955","213,940,500"
2016-04-08,"41,000",500,"295,008","12,051,824,050","40,250","41,200","40,250","8,771,560","213,940,500"
2016-04-07,"40,500",-600,"421,655","17,086,381,550","41,200","41,250","40,350","8,664,590","213,940,500"
2016-04-06,"41,100",-150,"314,530","12,923,943,150","40,750","41,350","40,700","8,792,955","213,940,500"
2016-04-05,"41,250","1,000","309,084","12,657,321,400","40,150","41,250","40,150","8,825,046","213,940,500"
2016-04-04,"40,250",-850,"342,640","13,809,972,000","40,650","40,900","40,000","8,611,105","213,940,500"
2016-04-01,"41,100",200,"459,385","18,848,912,421","40,950","41,450","40,550","8,792,955","213,940,500"
2016-03-31,"40,900",-50,"891,476","36,417,823,935","41,150","41,300","40,500","8,750,166","213,940,500"
2016-03-30,"40,950","-1,800","778,267","32,008,912,211","42,750","42,750","40,650","8,760,863","213,940,500"
2016-03-29,"42,750",650,"301,776","12,823,398,200","42,100","42,750","41,950","9,145,956","213,940,500"
2016-03-28,"42,100",100,"159,280","6,696,710,100","41,850","42,300","41,800","9,006,895","213,940,500"
2016-03-25,"42,000",250,"214,278","9,016,115,050","41,750","42,500","41,650","8,985,501","213,940,500"
2016-03-24,"41,750",-500,"183,669","7,669,358,100","42,050","42,050","41,500","8,932,016","213,940,500"
2016-03-23,"42,250",-250,"150,783","6,362,744,750","42,300","42,700","41,800","9,038,986","213,940,500"
2016-03-22,"42,500",0,"230,371","9,786,802,750","42,200","42,750","42,050","9,092,471","213,940,500"
2016-03-21,"42,500",750,"267,018","11,289,287,600","41,750","42,600","41,500","9,092,471","213,940,500"
2016-03-18,"41,750",-350,"322,679","13,566,504,350","41,700","42,600","41,700","8,932,016","213,940,500"
2016-03-17,"42,100",-50,"335,061","14,194,254,600","42,400","42,700","41,850","9,006,895","213,940,500"
2016-03-16,"42,150",850,"399,905","16,834,969,800","41,050","42,300","41,050","9,017,592","213,940,500"
2016-03-15,"41,300",700,"228,147","9,403,903,850","40,500","41,500","40,500","8,835,743","213,940,500"
2016-03-14,"40,600",-750,"258,616","10,539,234,650","41,350","41,900","40,350","8,685,984","213,940,500"
2016-03-11,"41,350",-200,"214,250","8,914,474,200","41,200","41,900","41,100","8,846,440","213,940,500"
2016-03-10,"41,550",200,"293,862","12,180,064,100","41,600","41,700","40,800","8,889,228","213,940,500"
2016-03-09,"41,350","1,400","439,584","17,994,813,800","39,750","41,350","39,700","8,846,440","213,940,500"
2016-03-08,"39,950",-250,"302,834","12,150,376,600","40,000","40,800","39,950","8,546,923","213,940,500"
2016-03-07,"40,200",-400,"344,341","13,953,055,050","40,500","40,900","40,100","8,600,408","213,940,500"
2016-03-04,"40,600",-750,"323,558","13,155,071,800","41,350","41,500","40,350","8,685,984","213,940,500"
2016-03-03,"41,350",-500,"240,160","9,922,546,250","41,850","42,000","41,000","8,846,440","213,940,500"
2016-03-02,"41,850",600,"246,376","10,318,505,950","41,300","42,000","41,250","8,953,410","213,940,500"
2016-02-29,"41,250",0,"215,666","8,930,159,300","41,100","41,650","41,100","8,825,046","213,940,500"
2016-02-26,"41,250",200,"185,335","7,682,277,750","41,100","41,750","41,100","8,825,046","213,940,500"
2016-02-25,"41,050",-850,"229,428","9,474,525,100","41,350","41,950","40,900","8,782,258","213,940,500"
2016-02-24,"41,900",450,"214,104","8,950,806,300","41,450","41,900","41,400","8,964,107","213,940,500"
2016-02-23,"41,450",400,"284,372","11,759,571,850","40,800","41,500","40,800","8,867,834","213,940,500"
2016-02-22,"41,050",0,"207,251","8,482,593,650","41,000","41,200","40,650","8,782,258","213,940,500"
2016-02-19,"41,050",700,"322,649","13,228,591,100","40,300","41,450","40,000","8,782,258","213,940,500"
2016-02-18,"40,350",-800,"516,640","20,791,296,300","41,000","41,300","39,800","8,632,499","213,940,500"
2016-02-17,"41,150",50,"264,832","10,913,573,750","40,800","41,500","40,750","8,803,652","213,940,500"
2016-02-16,"41,100",250,"196,389","8,091,640,550","40,700","41,450","40,700","8,792,955","213,940,500"
2016-02-15,"40,850",250,"370,213","15,145,687,050","40,350","41,400","40,350","8,739,469","213,940,500"
2016-02-12,"40,600","-1,100","687,758","28,202,901,700","42,150","42,150","40,300","8,685,984","213,940,500"
2016-02-11,"41,700",500,"505,621","21,011,992,950","40,000","42,450","39,900","8,921,319","213,940,500"
2016-02-05,"41,200",-350,"147,823","6,127,599,250","41,450","41,700","40,900","8,814,349","213,940,500"
2016-02-04,"41,550",350,"333,867","13,746,702,200","41,150","41,550","40,450","8,889,228","213,940,500"
2016-02-03,"41,200",-600,"247,964","10,208,559,650","41,500","41,550","40,650","8,814,349","213,940,500"
2016-02-02,"41,800",200,"290,941","12,175,439,000","41,200","42,200","41,100","8,942,713","213,940,500"
2016-02-01,"41,600",400,"297,084","12,243,382,400","40,700","41,600","40,350","8,899,925","213,940,500"
2016-01-29,"41,200","1,350","508,559","20,741,373,700","39,750","41,250","39,500","8,814,349","213,940,500"
2016-01-28,"39,850",-50,"166,176","6,571,418,950","39,900","39,900","38,850","8,525,529","213,940,500"
2016-01-27,"39,900","1,100","270,742","10,733,242,200","39,400","39,900","39,000","8,536,226","213,940,500"
2016-01-26,"38,800",-600,"164,859","6,434,586,650","38,900","39,400","38,600","8,300,891","213,940,500"
2016-01-25,"39,400",800,"349,524","13,823,145,600","39,750","39,950","39,100","8,429,256","213,940,500"
2016-01-22,"38,600","1,550","372,155","14,223,770,700","36,900","38,850","36,900","8,258,103","213,940,500"
2016-01-21,"37,050","-1,250","294,744","11,042,935,550","38,600","38,600","37,050","7,926,496","213,940,500"
2016-01-20,"38,300",700,"267,226","10,114,447,200","37,600","38,350","37,200","8,193,921","213,940,500"
2016-01-19,"37,600",-400,"147,399","5,564,203,050","38,050","38,200","37,100","8,044,163","213,940,500"
2016-01-18,"38,000",150,"190,434","7,250,072,350","38,100","38,350","37,550","8,129,739","213,940,500"
2016-01-15,"37,850",-50,"202,048","7,666,268,050","38,100","38,450","37,650","8,097,648","213,940,500"
2016-01-14,"37,900","-1,150","259,733","9,905,215,600","38,500","38,550","37,900","8,108,345","213,940,500"
2016-01-13,"39,050",400,"225,355","8,756,122,850","38,650","39,150","38,350","8,354,377","213,940,500"
2016-01-12,"38,650",450,"209,222","8,050,496,000","38,400","38,800","38,200","8,268,800","213,940,500"
2016-01-11,"38,200","-1,400","270,818","10,380,342,500","38,600","39,400","37,900","8,172,527","213,940,500"
2016-01-08,"39,600","2,700","585,576","22,558,446,600","37,400","39,600","36,900","8,472,044","213,940,500"
2016-01-07,"36,900",-950,"386,977","14,418,946,900","37,900","38,200","36,900","7,894,404","213,940,500"
2016-01-06,"37,850",-950,"418,608","15,861,321,550","38,500","38,650","37,550","8,097,648","213,940,500"
2016-01-05,"38,800",500,"335,552","12,944,325,200","38,600","38,950","38,050","8,300,891","213,940,500"
2016-01-04,"38,300",-100,"263,126","10,101,230,600","38,400","38,750","38,000","8,193,921","213,940,500"
2015-12-30,"38,400",-950,"349,760","13,513,293,100","39,350","39,800","38,300","8,215,315","213,940,500"
2015-12-29,"39,350",150,"235,670","9,229,047,100","38,900","39,900","38,550","8,418,559","213,940,500"
2015-12-28,"39,200","-1,200","354,011","14,126,584,500","40,450","40,700","39,200","8,386,468","213,940,500"
2015-12-24,"40,400",-250,"240,015","9,792,037,300","41,200","41,350","40,400","8,643,196","213,940,500"
2015-12-23,"40,650",50,"291,426","11,926,323,900","40,600","41,200","40,300","8,696,681","213,940,500"
2015-12-22,"40,600",800,"309,071","12,424,770,850","40,250","40,600","39,700","8,685,984","213,940,500"
2015-12-21,"39,800",350,"317,134","12,706,004,400","39,500","40,500","39,450","8,514,832","213,940,500"
2015-12-18,"39,450",-650,"355,967","13,995,385,050","39,500","39,850","39,100","8,439,953","213,940,500"
2015-12-17,"40,100","1,050","368,942","14,766,130,650","39,350","40,200","39,250","8,579,014","213,940,500"
2015-12-16,"39,050",750,"504,124","19,700,827,050","38,600","39,450","38,500","8,354,377","213,940,500"
2015-12-15,"38,300",-600,"359,755","13,854,379,650","39,300","39,300","38,250","8,193,921","213,940,500"
2015-12-14,"38,900",550,"302,271","11,707,869,274","38,350","39,000","37,950","8,322,285","213,940,500"
2015-12-11,"38,350","-1,100","407,596","15,700,897,400","39,000","39,400","38,350","8,204,618","213,940,500"
2015-12-10,"39,450",-100,"586,332","22,833,894,950","39,250","39,500","38,500","8,439,953","213,940,500"
2015-12-09,"39,550",-300,"357,434","14,142,885,750","40,000","40,000","39,200","8,461,347","213,940,500"
2015-12-08,"39,850",-50,"504,558","20,144,990,050","40,500","40,700","39,450","8,525,529","213,940,500"
2015-12-07,"39,900","1,600","527,022","20,970,504,550","38,600","40,500","38,550","8,536,226","213,940,500"
2015-12-04,"38,300","-1,200","546,128","21,024,869,873","39,350","39,400","38,250","8,193,921","213,940,500"
2015-12-03,"39,500",-300,"360,265","14,260,571,650","40,100","40,100","39,350","8,450,650","213,940,500"
2015-12-02,"39,800",-200,"378,124","15,027,687,150","39,600","40,100","39,400","8,514,832","213,940,500"
2015-12-01,"40,000","1,800","931,166","37,047,887,000","38,500","40,350","38,450","8,557,620","213,940,500"
2015-11-30,"38,200",0,"628,058","24,006,439,750","38,200","38,450","37,850","8,172,527","213,940,500"
2015-11-27,"38,200",100,"282,674","10,741,395,950","38,300","38,300","37,850","8,172,527","213,940,500"
2015-11-26,"38,100",350,"260,982","9,906,088,050","37,850","38,200","37,700","8,151,133","213,940,500"
2015-11-25,"37,750",-250,"319,790","12,105,284,700","37,800","38,250","37,600","8,076,254","213,940,500"
2015-11-24,"38,000",200,"419,525","15,842,428,650","38,000","38,200","37,450","8,129,739","213,940,500"
2015-11-23,"37,800",300,"642,246","24,258,954,700","37,750","38,100","37,400","8,086,951","213,940,500"
2015-11-20,"37,500","-1,500","950,438","35,707,456,950","38,600","38,650","37,200","8,022,769","213,940,500"
2015-11-19,"39,000",250,"427,751","16,668,827,200","39,000","39,500","38,600","8,343,680","213,940,500"
2015-11-18,"38,750",-950,"469,839","18,272,874,000","39,400","39,600","38,550","8,290,194","213,940,500"
2015-11-17,"39,700",200,"190,452","7,591,486,000","40,100","40,150","39,700","8,493,438","213,940,500"
2015-11-16,"39,500","-1,100","464,247","18,432,626,400","39,700","40,600","39,500","8,450,650","213,940,500"
2015-11-13,"40,600",-600,"262,927","10,688,629,250","40,700","41,100","40,450","8,685,984","213,940,500"
2015-11-12,"41,200",0,"292,805","12,099,905,570","41,150","41,700","41,100","8,814,349","213,940,500"
2015-11-11,"41,200",-850,"539,272","22,222,231,750","42,050","42,050","40,900","8,814,349","213,940,500"
2015-11-10,"42,050",-700,"276,612","11,680,580,900","42,900","43,050","41,800","8,996,198","213,940,500"
2015-11-09,"42,750",200,"179,422","7,660,546,900","42,300","42,850","42,200","9,145,956","213,940,500"
2015-11-06,"42,550",-350,"178,116","7,603,798,150","42,800","42,900","42,400","9,103,168","213,940,500"
2015-11-05,"42,900",-150,"246,700","10,474,744,850","43,000","43,000","42,100","9,178,047","213,940,500"
2015-11-04,"43,050",-150,"189,660","8,131,439,950","43,250","43,250","42,650","9,210,139","213,940,500"
2015-11-03,"43,200","1,650","509,233","21,689,176,150","41,600","43,200","41,600","9,242,230","213,940,500"
2015-11-02,"41,550",-750,"306,253","12,719,697,400","42,100","42,300","41,150","8,889,228","213,940,500"
2015-10-30,"42,300",-200,"231,184","9,750,002,500","42,400","42,700","41,850","9,049,683","213,940,500"
2015-10-29,"42,500","-1,100","388,142","16,491,444,350","43,050","43,350","42,300","9,092,471","213,940,500"
2015-10-28,"43,600",-150,"247,074","10,746,943,530","43,850","43,850","43,200","9,327,806","213,940,500"
2015-10-27,"43,750",200,"263,616","11,461,113,300","43,600","43,750","43,100","9,359,897","213,940,500"
2015-10-26,"43,550",-550,"711,185","30,856,592,220","44,200","44,300","43,000","9,317,109","213,940,500"
2015-10-23,"44,100","1,050","463,625","20,388,281,350","43,200","44,400","43,000","9,434,776","213,940,500"
2015-10-22,"43,050",300,"182,643","7,833,772,600","42,550","43,100","42,500","9,210,139","213,940,500"
2015-10-21,"42,750",50,"191,058","8,179,282,950","42,550","43,250","42,550","9,145,956","213,940,500"
2015-10-20,"42,700",-650,"296,929","12,670,901,000","42,800","42,950","42,500","9,135,259","213,940,500"
2015-10-19,"43,350",600,"249,650","10,790,757,400","43,100","43,500","42,750","9,274,321","213,940,500"
2015-10-16,"42,750",200,"186,391","7,958,607,950","42,550","42,900","42,500","9,145,956","213,940,500"
2015-10-15,"42,550",50,"228,425","9,739,425,350","42,300","42,950","42,200","9,103,168","213,940,500"
2015-10-14,"42,500",-700,"298,070","12,701,293,550","43,200","43,300","42,200","9,092,471","213,940,500"
2015-10-13,"43,200",400,"379,119","16,314,751,500","42,500","43,500","42,250","9,242,230","213,940,500"
2015-10-12,"42,800","1,400","534,448","22,524,061,850","41,150","42,800","40,900","9,156,653","213,940,500"
2015-10-08,"41,400",-650,"655,446","27,082,592,900","42,500","42,650","41,000","8,857,137","213,940,500"
2015-10-07,"42,050",-450,"377,522","15,977,072,800","42,000","42,950","41,950","8,996,198","213,940,500"
2015-10-06,"42,500",-150,"286,549","12,174,737,000","42,550","42,900","42,200","9,092,471","213,940,500"
2015-10-05,"42,650",0,"196,150","8,365,783,650","42,600","43,150","42,350","9,124,562","213,940,500"
2015-10-02,"42,650",-400,"258,863","11,177,007,081","43,250","43,650","42,550","9,124,562","213,940,500"
2015-10-01,"43,050",750,"530,477","22,812,142,700","41,600","43,450","41,600","9,210,139","213,940,500"
2015-09-30,"42,300",-350,"584,568","24,602,708,500","42,600","42,650","41,350","9,049,683","213,940,500"
2015-09-25,"42,650",-350,"205,027","8,737,399,950","43,450","43,450","42,450","9,124,562","213,940,500"
2015-09-24,"43,000",400,"191,692","8,225,810,950","42,950","43,150","42,500","9,199,442","213,940,500"
2015-09-23,"42,600","-1,300","333,829","14,319,089,050","43,050","43,450","42,450","9,113,865","213,940,500"
2015-09-22,"43,900","1,350","396,325","17,226,740,750","42,950","43,900","42,600","9,391,988","213,940,500"
2015-09-21,"42,550",-200,"334,271","14,154,705,250","42,750","42,800","41,850","9,103,168","213,940,500"
2015-09-18,"42,750","1,200","504,088","21,342,886,200","41,350","42,750","41,150","9,145,956","213,940,500"
2015-09-17,"41,550",-200,"539,193","22,373,399,850","42,150","42,200","41,150","8,889,228","213,940,500"
2015-09-16,"41,750",0,"392,086","16,388,391,900","41,800","42,100","41,450","8,932,016","213,940,500"
2015-09-15,"41,750",300,"260,974","10,851,131,760","41,750","41,800","41,000","8,932,016","213,940,500"
2015-09-14,"41,450",850,"305,625","12,567,183,400","40,650","41,450","40,650","8,867,834","213,940,500"
2015-09-11,"40,600","-1,600","423,068","17,352,769,100","41,600","41,850","40,600","8,685,984","213,940,500"
2015-09-10,"42,200",700,"601,042","25,306,459,200","41,400","42,350","41,400","9,028,289","213,940,500"
2015-09-09,"41,500","1,400","508,927","21,058,827,650","40,650","41,700","40,300","8,878,531","213,940,500"
2015-09-08,"40,100","-1,300","288,562","11,603,973,800","41,500","41,500","39,900","8,579,014","213,940,500"
2015-09-07,"41,400",800,"352,133","14,569,449,900","41,100","41,650","40,600","8,857,137","213,940,500"
2015-09-04,"40,600",-900,"316,295","12,936,109,300","41,100","41,400","40,500","8,685,984","213,940,500"
2015-09-03,"41,500",400,"458,369","19,074,810,150","41,350","41,900","41,100","8,878,531","213,940,500"
2015-09-02,"41,100","-1,450","710,671","29,445,355,300","41,300","42,550","40,900","8,792,955","213,940,500"
2015-09-01,"42,550",0,"392,777","16,669,863,900","42,100","42,850","41,800","9,103,168","213,940,500"
2015-08-31,"42,550","1,200","922,298","39,076,636,200","41,500","43,200","41,150","9,103,168","213,940,500"
2015-08-28,"41,350",-800,"978,499","40,390,778,700","41,500","41,900","40,950","8,846,440","213,940,500"
2015-08-27,"42,150","-1,050","693,860","29,349,339,550","42,450","42,950","41,850","9,017,592","213,940,500"
2015-08-26,"43,200","2,350","686,285","29,062,147,250","40,500","43,300","40,300","9,242,230","213,940,500"
2015-08-25,"40,850","-2,400","1,101,866","45,544,616,350","42,500","42,700","40,700","8,739,469","213,940,500"
2015-08-24,"43,250",0,"599,130","25,827,044,200","42,000","43,850","42,000","9,252,927","213,940,500"
2015-08-21,"43,250","-2,000","693,589","30,226,586,450","44,700","44,700","43,000","9,252,927","213,940,500"
2015-08-20,"45,250",100,"588,197","26,412,567,550","45,850","45,900","44,150","9,680,808","213,940,500"
2015-08-19,"45,150","1,000","696,999","31,001,847,900","43,600","45,350","43,050","9,659,414","213,940,500"
2015-08-18,"44,150",550,"496,758","22,005,291,700","43,800","44,600","43,550","9,445,473","213,940,500"
2015-08-17,"43,600",50,"357,275","15,597,747,300","43,150","44,150","43,100","9,327,806","213,940,500"
2015-08-13,"43,550",-50,"824,022","36,451,810,900","43,600","45,200","42,850","9,317,109","213,940,500"
2015-08-12,"43,600","2,200","682,500","29,621,478,400","42,350","44,200","42,300","9,327,806","213,940,500"
2015-08-11,"41,400",-750,"350,884","14,523,836,920","42,150","42,300","41,000","8,857,137","213,940,500"
2015-08-10,"42,150",500,"179,060","7,509,421,750","41,250","42,150","41,250","9,017,592","213,940,500"
2015-08-07,"41,650",-450,"187,063","7,796,957,650","42,500","42,500","41,300","8,910,622","213,940,500"
2015-08-06,"42,100",850,"376,949","15,919,628,550","41,400","42,600","40,700","9,006,895","213,940,500"
2015-08-05,"41,250","1,050","395,812","16,302,325,000","40,300","41,750","40,250","8,825,046","213,940,500"
2015-08-04,"40,200",-50,"422,879","17,123,389,850","40,150","40,900","40,150","8,600,408","213,940,500"
2015-08-03,"40,250","-2,400","499,662","20,432,165,250","42,200","42,250","40,150","8,611,105","213,940,500"
2015-07-31,"42,650","1,250","429,224","18,135,108,200","41,950","42,650","41,000","9,124,562","213,940,500"
2015-07-30,"41,400",800,"293,952","12,139,231,750","40,600","41,850","40,400","8,857,137","213,940,500"
2015-07-29,"40,600","-1,000","331,885","13,602,851,600","41,200","41,650","40,600","8,685,984","213,940,500"
2015-07-28,"41,600","2,100","477,765","19,672,584,400","40,000","41,900","39,800","8,899,925","213,940,500"
2015-07-27,"39,500",-950,"229,222","9,066,400,850","39,850","40,400","39,000","8,450,650","213,940,500"
2015-07-24,"40,450",-150,"194,560","7,836,176,450","41,200","41,200","39,550","8,653,893","213,940,500"
2015-07-23,"40,600",0,"133,067","5,399,809,450","40,900","40,950","40,100","8,685,984","213,940,500"
2015-07-22,"40,600",50,"402,449","16,218,754,167","40,200","40,800","39,550","8,685,984","213,940,500"
2015-07-21,"40,550",0,"196,184","7,960,431,955","40,800","41,000","40,100","8,675,287","213,940,500"
2015-07-20,"40,550",-600,"434,016","17,691,442,308","41,150","41,250","40,200","8,675,287","213,940,500"
2015-07-17,"41,150",600,"183,483","7,485,531,650","40,250","41,350","40,000","8,803,652","213,940,500"
2015-07-16,"40,550",-650,"202,757","8,242,202,750","41,200","41,400","40,200","8,675,287","213,940,500"
2015-07-15,"41,200","1,400","278,752","11,347,193,500","39,800","41,200","39,700","8,814,349","213,940,500"
2015-07-14,"39,800",650,"334,765","13,289,087,350","38,700","40,150","38,700","8,514,832","213,940,500"
2015-07-13,"39,150",500,"269,908","10,509,005,200","38,450","39,400","38,200","8,375,771","213,940,500"
2015-07-10,"38,650",-150,"220,928","8,547,324,450","38,800","39,250","38,400","8,268,800","213,940,500"
2015-07-09,"38,800",-350,"380,929","14,867,811,324","39,600","39,600","38,500","8,300,891","213,940,500"
2015-07-08,"39,150","1,150","503,640","19,666,798,250","38,800","39,550","38,150","8,375,771","213,940,500"
2015-07-07,"38,000",500,"455,699","17,431,059,750","38,450","38,900","37,850","8,129,739","213,940,500"
2015-07-06,"37,500","-1,200","331,655","12,595,169,900","38,850","38,850","37,350","8,022,769","213,940,500"
2015-07-03,"38,700",150,"367,836","14,231,546,200","38,850","39,050","38,400","8,279,497","213,940,500"
2015-07-02,"38,550",450,"370,272","14,282,851,150","38,100","38,900","38,000","8,247,406","213,940,500"
2015-07-01,"38,100","1,100","429,649","16,409,637,950","36,850","38,850","36,800","8,151,133","213,940,500"
2015-06-30,"37,000",-50,"410,634","15,174,791,800","37,400","37,500","36,600","7,915,798","213,940,500"
2015-06-29,"37,050",50,"342,143","12,700,829,400","36,450","37,500","36,350","7,926,496","213,940,500"
2015-06-26,"37,000",-700,"284,330","10,610,102,550","37,800","38,100","37,000","7,915,798","213,940,500"
2015-06-25,"37,700",200,"296,820","11,176,134,150","37,900","37,950","37,400","8,065,557","213,940,500"
2015-06-24,"37,500",500,"433,961","16,341,828,450","36,900","38,150","36,900","8,022,769","213,940,500"
2015-06-23,"37,000",-50,"435,983","16,145,587,500","37,100","37,500","36,650","7,915,798","213,940,500"
2015-06-22,"37,050",550,"612,156","22,977,055,600","36,700","38,500","36,500","7,926,496","213,940,500"
2015-06-19,"36,500",50,"604,519","22,106,404,750","36,500","37,000","36,100","7,808,828","213,940,500"
2015-06-18,"36,450","-1,200","723,854","26,818,587,680","37,800","38,000","36,250","7,798,131","213,940,500"
2015-06-17,"37,650",-900,"712,500","26,876,970,046","38,250","38,550","37,350","8,054,860","213,940,500"
2015-06-16,"38,550",800,"776,980","30,300,953,350","38,700","39,350","38,500","8,247,406","213,940,500"
2015-06-15,"37,750",-400,"535,021","20,281,375,550","38,450","38,600","37,650","8,076,254","213,940,500"
2015-06-12,"38,150",400,"747,581","28,725,465,000","38,050","38,850","38,000","8,161,830","213,940,500"
2015-06-11,"37,750","-1,650","709,259","27,191,656,436","39,650","39,700","37,750","8,076,254","213,940,500"
2015-06-10,"39,400",-700,"709,875","28,049,896,350","40,700","40,700","38,900","8,429,256","213,940,500"
2015-06-09,"40,100",800,"410,126","16,366,213,450","39,400","40,150","38,850","8,579,014","213,940,500"
2015-06-08,"39,300",-350,"545,275","21,191,485,500","39,150","40,300","38,600","8,407,862","213,940,500"
2015-06-05,"39,650",650,"636,393","25,256,614,600","39,550","40,350","39,000","8,482,741","213,940,5"
